Orthogroup	UP000321408	UP000324665
OG0000000	QEE14659.1, QEE16105.1, QEE16739.1	TXT53919.1, TXT54104.1, TXT54244.1, TXT54314.1, TXT54315.1, TXT54316.1, TXT54350.1, TXT54505.1, TXT54517.1, TXT54571.1, TXT54597.1, TXT54617.1, TXT54619.1, TXT54830.1, TXT54914.1, TXT55128.1, TXT55258.1, TXT55311.1, TXT55312.1, TXT55313.1, TXT55332.1, TXT55419.1, TXT55420.1, TXT55421.1, TXT55454.1, TXT55664.1, TXT55965.1, TXT56113.1, TXT57402.1, TXT57554.1, TXT57565.1, TXT57566.1, TXT57828.1, TXT57832.1, TXT57861.1
OG0000001		TXT53760.1, TXT53930.1, TXT54212.1, TXT54221.1, TXT54238.1, TXT54239.1, TXT54240.1, TXT54250.1, TXT54254.1, TXT54391.1, TXT54540.1, TXT54552.1, TXT54575.1, TXT54642.1, TXT54837.1, TXT55265.1, TXT55379.1, TXT55393.1, TXT55652.1, TXT55693.1, TXT55704.1, TXT55974.1, TXT55975.1, TXT56017.1, TXT56087.1, TXT57506.1, TXT57530.1, TXT57630.1, TXT57732.1, TXT57835.1
OG0000002	QEE14278.1, QEE14371.1, QEE14403.1, QEE15018.1, QEE15508.1, QEE15509.1, QEE15533.1, QEE15589.1, QEE16109.1, QEE16139.1, QEE16215.1, QEE16389.1, QEE16756.1, QEE16792.1, QEE16942.1, QEE17074.1, QEE17167.1, QEE17400.1, QEE17403.1, QEE17630.1, QEE17838.1, QEE17876.1, QEE18069.1	TXT55284.1
OG0000003	QEE14788.1, QEE14791.1, QEE14972.1, QEE15186.1, QEE15420.1, QEE15434.1, QEE15680.1, QEE15690.1, QEE15752.1, QEE15776.1, QEE15797.1, QEE15827.1, QEE16134.1, QEE16135.1, QEE16349.1, QEE16482.1, QEE16519.1, QEE16549.1, QEE17133.1, QEE17137.1, QEE17321.1, QEE17646.1, QEE17986.1	
OG0000004	QEE14785.1, QEE14947.1, QEE15034.1, QEE15107.1, QEE15329.1, QEE15831.1, QEE16238.1, QEE16239.1, QEE16479.1, QEE16481.1, QEE16489.1, QEE16604.1, QEE16620.1, QEE17895.1, QEE18017.1	
OG0000005	QEE14370.1, QEE15022.1, QEE15032.1, QEE15695.1, QEE16125.1, QEE16198.1, QEE17614.1, QEE17619.1, QEE17800.1, QEE17924.1, QEE17999.1, QEE18107.1	
OG0000006	QEE16583.1	TXT54543.1, TXT54813.1, TXT55185.1, TXT55655.1, TXT55792.1, TXT55908.1, TXT56088.1, TXT56662.1, TXT57329.1, TXT57450.1, TXT57452.1
OG0000007	QEE14392.1, QEE14598.1, QEE14617.1, QEE15108.1, QEE15627.1, QEE15881.1, QEE16829.1, QEE17083.1, QEE17622.1, QEE17623.1, QEE17722.1	
OG0000008	QEE14507.1, QEE14547.1, QEE16343.1, QEE16416.1, QEE16484.1, QEE16651.1, QEE16794.1, QEE16871.1, QEE17711.1, QEE18011.1	TXT55306.1
OG0000009	QEE14731.1, QEE15071.1, QEE15281.1, QEE15455.1, QEE15494.1, QEE15614.1, QEE15617.1, QEE16762.1, QEE17221.1, QEE17893.1	TXT55326.1
OG0000010	QEE14878.1, QEE15200.1	TXT53838.1, TXT54355.1, TXT55123.1, TXT55125.1, TXT55752.1, TXT57701.1, TXT57824.1, TXT57892.1, TXT57894.1
OG0000011	QEE15412.1	TXT54805.1, TXT55372.1, TXT55429.1, TXT55439.1, TXT55968.1, TXT56000.1, TXT56091.1, TXT57328.1, TXT57790.1, TXT57791.1
OG0000012	QEE14229.1, QEE14230.1, QEE15137.1, QEE16378.1, QEE17042.1, QEE17043.1, QEE17349.1, QEE17431.1, QEE18054.1	
OG0000013	QEE14240.1, QEE14994.1, QEE15581.1, QEE16059.1, QEE16190.1, QEE16668.1, QEE17355.1, QEE17372.1, QEE17492.1	
OG0000014	QEE14649.1, QEE15245.1, QEE15585.1, QEE16104.1, QEE16289.1, QEE16825.1, QEE16850.1, QEE17835.1	TXT54301.1
OG0000015	QEE16133.1, QEE16295.1	TXT54308.1, TXT54949.1, TXT57552.1, TXT57555.1, TXT57638.1, TXT57856.1, TXT57939.1
OG0000016	QEE14342.1, QEE14810.1, QEE15759.1, QEE15764.1, QEE16026.1, QEE16931.1, QEE17222.1, QEE17656.1	
OG0000017	QEE14423.1, QEE14893.1, QEE15230.1, QEE15540.1, QEE16161.1, QEE16554.1, QEE17135.1, QEE17254.1	
OG0000018	QEE14520.1, QEE14665.1, QEE15011.1, QEE15173.1, QEE16360.1, QEE16902.1, QEE16908.1	TXT56448.1
OG0000019	QEE14652.1, QEE15571.1, QEE15735.1, QEE16117.1, QEE16455.1, QEE17922.1, QEE18082.1, QEE18086.1	
OG0000020	QEE14984.1, QEE15114.1, QEE15215.1, QEE15216.1, QEE15648.1, QEE16701.1, QEE17327.1	TXT57337.1
OG0000021	QEE15007.1, QEE15286.1, QEE15290.1, QEE16276.1, QEE16745.1, QEE16811.1, QEE16812.1, QEE17200.1	
OG0000022	QEE15220.1, QEE15307.1, QEE15907.1, QEE16616.1, QEE16619.1, QEE16929.1, QEE17161.1, QEE17313.1	
OG0000023	QEE15500.1, QEE15706.1, QEE16302.1, QEE16799.1, QEE17130.1, QEE17427.1, QEE18049.1	TXT54596.1
OG0000024		TXT53558.1, TXT54373.1, TXT54516.1, TXT54572.1, TXT54621.1, TXT55675.1, TXT55787.1, TXT56548.1
OG0000025	QEE14193.1, QEE14194.1, QEE14195.1, QEE14414.1, QEE14415.1, QEE14416.1, QEE14521.1	
OG0000026	QEE14323.1, QEE14406.1, QEE17342.1, QEE17569.1, QEE17976.1, QEE18079.1, QEE18080.1	
OG0000027	QEE14397.1, QEE15953.1, QEE16100.1, QEE16990.1, QEE17527.1, QEE17996.1, QEE18081.1	
OG0000028	QEE14524.1, QEE14629.1	TXT53940.1, TXT54393.1, TXT54824.1, TXT54834.1, TXT57369.1
OG0000029	QEE14770.1	TXT54767.1, TXT54790.1, TXT54791.1, TXT55250.1, TXT55251.1, TXT57720.1
OG0000030	QEE14784.1, QEE17275.1	TXT54135.1, TXT55319.1, TXT55735.1, TXT57339.1, TXT57488.1
OG0000031	QEE14842.1, QEE15857.1, QEE16448.1, QEE17892.1	TXT53717.1, TXT54828.1, TXT57657.1
OG0000032	QEE15040.1, QEE17286.1, QEE17330.1	TXT54105.1, TXT55142.1, TXT55369.1, TXT56531.1
OG0000033	QEE15085.1, QEE15086.1, QEE15746.1, QEE15934.1, QEE16165.1, QEE17037.1, QEE17483.1	
OG0000034	QEE15745.1, QEE16107.1, QEE16108.1, QEE17012.1, QEE17320.1, QEE17323.1	TXT54410.1
OG0000035	QEE15963.1, QEE17106.1, QEE17350.1, QEE17351.1, QEE17580.1, QEE17685.1, QEE17806.1	
OG0000036	QEE16643.1, QEE17944.1	TXT53747.1, TXT54217.1, TXT57356.1, TXT57597.1, TXT57932.1
OG0000037	QEE17264.1, QEE17632.1, QEE17633.1	TXT54208.1, TXT54211.1, TXT57410.1, TXT57411.1
OG0000038		TXT53866.1, TXT53966.1, TXT55132.1, TXT55279.1, TXT56613.1, TXT57309.1, TXT57515.1
OG0000039		TXT54904.1, TXT54905.1, TXT54906.1, TXT55636.1, TXT55637.1, TXT55638.1, TXT55639.1
OG0000040	QEE14233.1, QEE14398.1, QEE14624.1, QEE17519.1, QEE17521.1, QEE17522.1	
OG0000041	QEE14279.1, QEE14405.1, QEE14436.1, QEE15178.1, QEE15945.1, QEE15946.1	
OG0000042	QEE14396.1, QEE16753.1, QEE17417.1, QEE17598.1, QEE17644.1	TXT55650.1
OG0000043	QEE14421.1, QEE14815.1, QEE15089.1, QEE15505.1, QEE16391.1	TXT56526.1
OG0000044	QEE14528.1, QEE14529.1, QEE15916.1, QEE16596.1, QEE16597.1	TXT54962.1
OG0000045	QEE14557.1, QEE14558.1, QEE14559.1, QEE14560.1, QEE14561.1, QEE14562.1	
OG0000046	QEE14883.1, QEE15435.1, QEE16786.1, QEE16932.1, QEE17949.1, QEE18090.1	
OG0000047	QEE14971.1, QEE15000.1, QEE15001.1, QEE15775.1, QEE16483.1, QEE17511.1	
OG0000048	QEE15044.1, QEE16848.1, QEE17297.1, QEE17923.1	TXT56469.1, TXT56949.1
OG0000049	QEE15102.1	TXT54553.1, TXT57585.1, TXT57588.1, TXT57591.1, TXT57907.1
OG0000050	QEE15145.1, QEE15470.1, QEE17178.1	TXT55378.1, TXT57459.1, TXT57466.1
OG0000051	QEE15228.1, QEE15549.1, QEE15854.1, QEE17399.1, QEE17479.1, QEE18093.1	
OG0000052	QEE15269.1	TXT55381.1, TXT56738.1, TXT56847.1, TXT57521.1, TXT57605.1
OG0000053	QEE15382.1	TXT53741.1, TXT54136.1, TXT54512.1, TXT54963.1, TXT55166.1
OG0000054	QEE15472.1, QEE15521.1, QEE15525.1, QEE16191.1, QEE17382.1	TXT54241.1
OG0000055	QEE15545.1	TXT54534.1, TXT55171.1, TXT56671.1, TXT56673.1, TXT56735.1
OG0000056	QEE15565.1, QEE15998.1	TXT55180.1, TXT55811.1, TXT55925.1, TXT57307.1
OG0000057	QEE15582.1, QEE16083.1, QEE17595.1	TXT54942.1, TXT57481.1, TXT57677.1
OG0000058	QEE15756.1, QEE17256.1, QEE17635.1	TXT57326.1, TXT57404.1, TXT57405.1
OG0000059	QEE16086.1, QEE16592.1, QEE16634.1, QEE17195.1, QEE17202.1, QEE17733.1	
OG0000060	QEE16087.1	TXT53862.1, TXT54568.1, TXT56109.1, TXT57600.1, TXT57906.1
OG0000061	QEE16281.1, QEE17019.1	TXT55960.1, TXT55961.1, TXT56428.1, TXT56429.1
OG0000062	QEE16299.1, QEE16330.1, QEE17406.1, QEE17407.1, QEE17734.1, QEE17776.1	
OG0000063	QEE16582.1	TXT54542.1, TXT54812.1, TXT55186.1, TXT55791.1, TXT56089.1
OG0000064	QEE16746.1, QEE18019.1	TXT54201.1, TXT54938.1, TXT55856.1, TXT57651.1
OG0000065	QEE16785.1, QEE16787.1, QEE16814.1, QEE17542.1, QEE17809.1, QEE17814.1	
OG0000066	QEE17065.1, QEE17080.1, QEE17334.1, QEE17836.1	TXT56048.1, TXT57626.1
OG0000067		TXT53746.1, TXT54129.1, TXT55826.1, TXT56001.1, TXT56090.1, TXT57053.1
OG0000068		TXT54395.1, TXT54397.1, TXT55778.1, TXT55779.1, TXT56535.1, TXT57437.1
OG0000069		TXT54870.1, TXT54873.1, TXT54880.1, TXT54885.1, TXT54944.1, TXT55800.1
OG0000070	QEE14207.1	TXT55266.1, TXT57062.1, TXT57831.1, TXT57941.1
OG0000071	QEE14287.1, QEE14946.1, QEE17353.1, QEE17643.1, QEE17715.1	
OG0000072	QEE14312.1, QEE16715.1, QEE16728.1, QEE16731.1, QEE17251.1	
OG0000073	QEE14325.1, QEE16682.1, QEE16914.1, QEE17061.1, QEE17107.1	
OG0000074	QEE14425.1	TXT53839.1, TXT54235.1, TXT56024.1, TXT56092.1
OG0000075	QEE14443.1, QEE14447.1, QEE14693.1, QEE15751.1, QEE15844.1	
OG0000076	QEE14590.1, QEE17376.1	TXT54840.1, TXT55161.1, TXT57536.1
OG0000077	QEE14610.1, QEE15493.1, QEE15514.1, QEE15516.1, QEE17941.1	
OG0000078	QEE14623.1	TXT55929.1, TXT55985.1, TXT56049.1, TXT57464.1
OG0000079	QEE14674.1, QEE18065.1	TXT55146.1, TXT57043.1, TXT57942.1
OG0000080	QEE14713.1, QEE14949.1	TXT54854.1, TXT55222.1, TXT57872.1
OG0000081	QEE14744.1, QEE16917.1, QEE16918.1, QEE17624.1	TXT57825.1
OG0000082	QEE14748.1, QEE16766.1, QEE17926.1, QEE18018.1, QEE18112.1	
OG0000083	QEE14774.1	TXT53987.1, TXT55447.1, TXT55967.1, TXT56877.1
OG0000084	QEE14799.1, QEE15217.1, QEE15271.1, QEE15416.1, QEE15862.1	
OG0000085	QEE15048.1, QEE15433.1, QEE15935.1, QEE16517.1, QEE16707.1	
OG0000086	QEE15087.1	TXT54831.1, TXT55144.1, TXT56451.1, TXT57761.1
OG0000087	QEE15120.1, QEE15138.1, QEE16150.1, QEE16730.1, QEE17356.1	
OG0000088	QEE15127.1, QEE15919.1, QEE16486.1, QEE17586.1, QEE17687.1	
OG0000089	QEE15163.1, QEE16884.1	TXT53666.1, TXT56743.1, TXT57754.1
OG0000090	QEE15207.1, QEE16939.1, QEE17218.1, QEE17651.1, QEE18000.1	
OG0000091	QEE15235.1, QEE15236.1, QEE15709.1, QEE16865.1, QEE18132.1	
OG0000092	QEE15306.1, QEE17003.1	TXT54198.1, TXT55124.1, TXT55223.1
OG0000093	QEE15349.1	TXT53727.1, TXT56659.1, TXT57351.1, TXT57420.1
OG0000094	QEE15661.1, QEE16900.1, QEE17913.1	TXT54763.1, TXT54796.1
OG0000095	QEE15721.1, QEE16236.1	TXT55121.1, TXT57579.1, TXT57723.1
OG0000096	QEE15722.1, QEE16237.1	TXT55122.1, TXT57578.1, TXT57722.1
OG0000097	QEE15836.1, QEE17002.1	TXT54210.1, TXT54550.1, TXT55315.1
OG0000098	QEE15918.1, QEE17584.1, QEE17587.1	TXT53861.1, TXT56786.1
OG0000099	QEE15951.1, QEE17031.1	TXT54101.1, TXT54351.1, TXT55810.1
OG0000100	QEE15952.1, QEE16206.1	TXT54766.1, TXT56987.1, TXT56988.1
OG0000101	QEE16032.1, QEE18089.1	TXT55414.1, TXT56774.1, TXT57915.1
OG0000102	QEE16102.1, QEE16159.1, QEE16732.1, QEE17054.1, QEE17444.1	
OG0000103	QEE16147.1, QEE17346.1	TXT55825.1, TXT56124.1, TXT57781.1
OG0000104	QEE16248.1, QEE16321.1, QEE17435.1, QEE17550.1, QEE17727.1	
OG0000105	QEE16265.1	TXT54068.1, TXT54072.1, TXT54076.1, TXT57586.1
OG0000106	QEE16384.1	TXT56095.1, TXT56645.1, TXT57604.1, TXT57615.1
OG0000107	QEE16613.1, QEE16621.1, QEE16628.1, QEE16740.1	TXT57757.1
OG0000108	QEE16970.1	TXT53638.1, TXT54825.1, TXT54835.1, TXT57370.1
OG0000109	QEE16999.1, QEE17314.1	TXT55120.1, TXT56056.1, TXT57836.1
OG0000110	QEE17064.1, QEE17079.1, QEE17335.1, QEE17837.1	TXT56047.1
OG0000111	QEE17066.1, QEE17333.1	TXT54584.1, TXT54664.1, TXT55281.1
OG0000112	QEE17436.1	TXT54099.1, TXT55667.1, TXT55668.1, TXT56115.1
OG0000113	QEE17909.1	TXT55165.1, TXT55232.1, TXT55243.1, TXT56733.1
OG0000114		TXT53758.1, TXT53968.1, TXT53969.1, TXT57514.1, TXT57733.1
OG0000115		TXT53843.1, TXT54384.1, TXT54585.1, TXT54654.1, TXT55839.1
OG0000116		TXT54095.1, TXT54600.1, TXT54601.1, TXT54603.1, TXT57864.1
OG0000117		TXT54098.1, TXT55277.1, TXT56045.1, TXT57349.1, TXT57622.1
OG0000118		TXT54515.1, TXT54794.1, TXT57817.1, TXT57818.1, TXT57819.1
OG0000119		TXT54549.1, TXT56126.1, TXT57368.1, TXT57538.1, TXT57912.1
OG0000120		TXT54637.1, TXT54638.1, TXT55092.1, TXT57303.1, TXT57335.1
OG0000121		TXT55248.1, TXT55899.1, TXT57897.1, TXT57921.1, TXT57922.1
OG0000122	QEE14260.1, QEE16292.1	TXT55858.1, TXT56905.1
OG0000123	QEE14275.1, QEE17045.1, QEE17046.1	TXT55711.1
OG0000124	QEE14296.1, QEE17856.1, QEE17920.1	TXT54551.1
OG0000125	QEE14347.1, QEE15072.1, QEE16478.1	TXT55784.1
OG0000126	QEE14351.1	TXT55631.1, TXT56640.1, TXT57475.1
OG0000127	QEE14375.1, QEE15061.1, QEE17967.1	TXT57540.1
OG0000128	QEE14384.1, QEE15319.1, QEE17606.1	TXT56667.1
OG0000129	QEE14434.1, QEE17230.1, QEE17361.1, QEE17362.1	
OG0000130	QEE14435.1, QEE17229.1, QEE17363.1	TXT54365.1
OG0000131	QEE14437.1, QEE14536.1, QEE16399.1, QEE16691.1	
OG0000132	QEE14491.1, QEE15277.1, QEE16840.1, QEE17170.1	
OG0000133	QEE14493.1, QEE16073.1, QEE16773.1	TXT55093.1
OG0000134	QEE14498.1, QEE15056.1, QEE16661.1, QEE17354.1	
OG0000135	QEE14544.1, QEE14930.1	TXT54656.1, TXT55771.1
OG0000136	QEE14545.1, QEE17258.1, QEE17637.1, QEE17682.1	
OG0000137	QEE14556.1, QEE15314.1, QEE15326.1, QEE18121.1	
OG0000138	QEE14599.1, QEE15154.1	TXT55906.1, TXT57839.1
OG0000139	QEE14600.1, QEE16193.1, QEE16744.1	TXT57041.1
OG0000140	QEE14607.1, QEE16345.1, QEE16699.1, QEE17612.1	
OG0000141	QEE14608.1, QEE15845.1, QEE15847.1	TXT53748.1
OG0000142	QEE14633.1, QEE14634.1, QEE15037.1, QEE15038.1	
OG0000143	QEE14675.1, QEE14676.1, QEE14677.1, QEE14678.1	
OG0000144	QEE14689.1, QEE15272.1, QEE17348.1, QEE17560.1	
OG0000145	QEE14691.1	TXT53560.1, TXT55273.1, TXT55730.1
OG0000146	QEE14703.1, QEE14704.1, QEE16451.1, QEE17903.1	
OG0000147	QEE14816.1, QEE15019.1, QEE16096.1, QEE17672.1	
OG0000148	QEE14864.1, QEE16090.1, QEE17078.1, QEE17177.1	
OG0000149	QEE14880.1, QEE17437.1, QEE17696.1	TXT57776.1
OG0000150	QEE14936.1, QEE16201.1, QEE17506.1	TXT54631.1
OG0000151	QEE14945.1, QEE16127.1	TXT53824.1, TXT57760.1
OG0000152	QEE14969.1, QEE15240.1, QEE17750.1	TXT57556.1
OG0000153	QEE15045.1, QEE16450.1, QEE17129.1, QEE17470.1	
OG0000154	QEE15133.1, QEE15652.1, QEE17026.1	TXT53991.1
OG0000155	QEE15206.1	TXT55151.1, TXT57017.1, TXT57919.1
OG0000156	QEE15211.1, QEE16544.1, QEE17853.1	TXT54663.1
OG0000157	QEE15232.1, QEE17272.1	TXT54541.1, TXT55187.1
OG0000158	QEE15285.1, QEE15837.1, QEE17912.1	TXT57750.1
OG0000159	QEE15303.1, QEE17613.1	TXT54204.1, TXT55200.1
OG0000160	QEE15328.1, QEE16007.1, QEE16889.1	TXT56614.1
OG0000161	QEE15334.1, QEE16595.1, QEE17073.1	TXT56677.1
OG0000162	QEE15338.1, QEE15553.1, QEE17063.1, QEE17690.1	
OG0000163	QEE15397.1, QEE16014.1, QEE16227.1	TXT57545.1
OG0000164	QEE15460.1, QEE17315.1	TXT57482.1, TXT57899.1
OG0000165	QEE15468.1	TXT54346.1, TXT55909.1, TXT56663.1
OG0000166	QEE15471.1, QEE17244.1, QEE17395.1, QEE17419.1	
OG0000167	QEE15475.1, QEE17040.1, QEE17269.1	TXT55922.1
OG0000168	QEE15517.1, QEE16252.1	TXT54248.1, TXT54507.1
OG0000169	QEE15603.1, QEE16772.1, QEE17101.1, QEE17397.1	
OG0000170	QEE15612.1, QEE16030.1, QEE16496.1, QEE17143.1	
OG0000171	QEE15658.1, QEE15659.1, QEE17979.1	TXT56116.1
OG0000172	QEE15701.1	TXT55767.1, TXT55942.1, TXT56603.1
OG0000173	QEE15703.1	TXT55425.1, TXT56883.1, TXT57746.1
OG0000174	QEE15762.1	TXT53823.1, TXT54616.1, TXT57047.1
OG0000175	QEE15817.1	TXT55196.1, TXT57885.1, TXT57886.1
OG0000176	QEE15822.1, QEE17499.1	TXT53959.1, TXT53960.1
OG0000177	QEE15852.1, QEE15853.1, QEE16520.1	TXT53722.1
OG0000178	QEE15856.1, QEE16263.1, QEE16553.1, QEE17960.1	
OG0000179	QEE15888.1	TXT54389.1, TXT57051.1, TXT57777.1
OG0000180	QEE15937.1, QEE16693.1	TXT55759.1, TXT56125.1
OG0000181	QEE16018.1, QEE16037.1, QEE16038.1	TXT54855.1
OG0000182	QEE16055.1	TXT54859.1, TXT54871.1, TXT54877.1
OG0000183	QEE16071.1	TXT54867.1, TXT54878.1, TXT54881.1
OG0000184	QEE16151.1	TXT56868.1, TXT57508.1, TXT57653.1
OG0000185	QEE16230.1	TXT54406.1, TXT54408.1, TXT56121.1
OG0000186	QEE16251.1	TXT54114.1, TXT56489.1, TXT57387.1
OG0000187	QEE16306.1, QEE17768.1	TXT55239.1, TXT55710.1
OG0000188	QEE16462.1, QEE16936.1, QEE18101.1	TXT57820.1
OG0000189	QEE16470.1	TXT54947.1, TXT56436.1, TXT56901.1
OG0000190	QEE16498.1	TXT54206.1, TXT54843.1, TXT56563.1
OG0000191	QEE16518.1, QEE16657.1	TXT55294.1, TXT55713.1
OG0000192	QEE16612.1, QEE17442.1	TXT57546.1, TXT57598.1
OG0000193	QEE16614.1, QEE16615.1, QEE16618.1, QEE16624.1	
OG0000194	QEE16703.1, QEE17163.1	TXT54595.1, TXT55385.1
OG0000195	QEE16709.1, QEE16751.1, QEE17510.1	TXT55766.1
OG0000196	QEE16956.1	TXT53918.1, TXT55819.1, TXT57888.1
OG0000197	QEE16974.1	TXT54762.1, TXT56918.1, TXT56919.1
OG0000198	QEE16975.1, QEE17384.1	TXT53921.1, TXT53923.1
OG0000199	QEE17004.1	TXT55995.1, TXT57059.1, TXT57060.1
OG0000200	QEE17027.1	TXT55272.1, TXT55846.1, TXT55847.1
OG0000201	QEE17048.1, QEE17226.1, QEE17279.1	TXT54402.1
OG0000202	QEE17239.1	TXT54801.1, TXT56458.1, TXT57891.1
OG0000203	QEE17414.1	TXT55109.1, TXT55443.1, TXT55915.1
OG0000204	QEE17515.1	TXT54306.1, TXT54755.1, TXT56839.1
OG0000205	QEE17526.1	TXT53754.1, TXT54527.1, TXT54529.1
OG0000206	QEE17541.1, QEE17589.1, QEE17808.1, QEE17813.1	
OG0000207	QEE17568.1	TXT54058.1, TXT54368.1, TXT55892.1
OG0000208	QEE17625.1	TXT54134.1, TXT57380.1, TXT57773.1
OG0000209	QEE17631.1	TXT55422.1, TXT57758.1, TXT57759.1
OG0000210	QEE17650.1, QEE17668.1	TXT55147.1, TXT55723.1
OG0000211	QEE17935.1, QEE17940.1, QEE18048.1, QEE18053.1	
OG0000212	QEE18113.1	TXT53937.1, TXT54818.1, TXT55623.1
OG0000213		TXT53565.1, TXT54247.1, TXT55210.1, TXT55214.1
OG0000214		TXT54333.1, TXT55682.1, TXT55683.1, TXT56416.1
OG0000215		TXT54823.1, TXT56070.1, TXT56076.1, TXT57803.1
OG0000216		TXT55143.1, TXT55746.1, TXT55841.1, TXT57311.1
OG0000217		TXT55221.1, TXT55992.1, TXT56014.1, TXT56543.1
OG0000218		TXT55340.1, TXT56452.1, TXT57500.1, TXT57550.1
OG0000219	QEE14191.1, QEE17001.1, QEE17908.1	
OG0000220	QEE14201.1	TXT53977.1, TXT54838.1
OG0000221	QEE14206.1	TXT56689.1, TXT57838.1
OG0000222	QEE14211.1, QEE15914.1	TXT53536.1
OG0000223	QEE14228.1	TXT56864.1, TXT57317.1
OG0000224	QEE14234.1, QEE16670.1, QEE17938.1	
OG0000225	QEE14246.1, QEE14247.1	TXT54587.1
OG0000226	QEE14249.1, QEE15673.1, QEE17464.1	
OG0000227	QEE14270.1, QEE15366.1	TXT56038.1
OG0000228	QEE14272.1, QEE14635.1, QEE15036.1	
OG0000229	QEE14282.1, QEE14964.1	TXT54769.1
OG0000230	QEE14317.1, QEE17980.1	TXT54652.1
OG0000231	QEE14322.1	TXT55206.1, TXT56849.1
OG0000232	QEE14324.1, QEE17975.1, QEE17987.1	
OG0000233	QEE14343.1, QEE16113.1	TXT57035.1
OG0000234	QEE14346.1	TXT55131.1, TXT56957.1
OG0000235	QEE14355.1, QEE16883.1, QEE17997.1	
OG0000236	QEE14359.1, QEE18134.1	TXT56081.1
OG0000237	QEE14369.1, QEE16909.1, QEE17039.1	
OG0000238	QEE14382.1	TXT55406.1, TXT56596.1
OG0000239	QEE14390.1, QEE16547.1, QEE17207.1	
OG0000240	QEE14393.1	TXT54375.1, TXT54378.1
OG0000241	QEE14395.1	TXT54383.1, TXT56902.1
OG0000242	QEE14400.1, QEE17995.1	TXT56062.1
OG0000243	QEE14412.1, QEE14417.1, QEE17628.1	
OG0000244	QEE14427.1	TXT54209.1, TXT54816.1
OG0000245	QEE14440.1	TXT54319.1, TXT55972.1
OG0000246	QEE14441.1, QEE17057.1	TXT54318.1
OG0000247	QEE14452.1, QEE14453.1, QEE15892.1	
OG0000248	QEE14458.1	TXT53978.1, TXT55860.1
OG0000249	QEE14474.1, QEE14504.1	TXT57003.1
OG0000250	QEE14489.1, QEE15580.1	TXT54054.1
OG0000251	QEE14492.1, QEE15838.1, QEE17310.1	
OG0000252	QEE14506.1, QEE14508.1	TXT56800.1
OG0000253	QEE14526.1	TXT53740.1, TXT56817.1
OG0000254	QEE14552.1, QEE16300.1, QEE17775.1	
OG0000255	QEE14567.1	TXT55807.1, TXT55808.1
OG0000256	QEE14571.1, QEE15474.1	TXT54569.1
OG0000257	QEE14591.1, QEE15969.1, QEE17377.1	
OG0000258	QEE14592.1, QEE16359.1, QEE17303.1	
OG0000259	QEE14618.1, QEE15458.1, QEE16182.1	
OG0000260	QEE14619.1, QEE18059.1	TXT57798.1
OG0000261	QEE14642.1	TXT54317.1, TXT57679.1
OG0000262	QEE14643.1, QEE16951.1	TXT55973.1
OG0000263	QEE14645.1	TXT54320.1, TXT55971.1
OG0000264	QEE14648.1, QEE15246.1, QEE16288.1	
OG0000265	QEE14653.1	TXT53515.1, TXT53517.1
OG0000266	QEE14669.1, QEE17359.1, QEE17360.1	
OG0000267	QEE14681.1, QEE15025.1, QEE17347.1	
OG0000268	QEE14698.1	TXT55873.1, TXT55894.1
OG0000269	QEE14751.1, QEE14752.1, QEE16763.1	
OG0000270	QEE14760.1, QEE17502.1	TXT55927.1
OG0000271	QEE14764.1, QEE17966.1	TXT57674.1
OG0000272	QEE14805.1, QEE16431.1, QEE16798.1	
OG0000273	QEE14833.1	TXT56593.1, TXT57310.1
OG0000274	QEE14866.1, QEE17071.1	TXT56860.1
OG0000275	QEE14910.1	TXT55278.1, TXT56500.1
OG0000276	QEE14929.1, QEE16627.1	TXT56649.1
OG0000277	QEE14934.1, QEE17072.1, QEE17505.1	
OG0000278	QEE14938.1	TXT56619.1, TXT57569.1
OG0000279	QEE15002.1, QEE16329.1, QEE17735.1	
OG0000280	QEE15006.1	TXT53753.1, TXT55955.1
OG0000281	QEE15033.1, QEE15804.1, QEE17567.1	
OG0000282	QEE15047.1, QEE15551.1, QEE17910.1	
OG0000283	QEE15049.1	TXT55850.1, TXT56123.1
OG0000284	QEE15064.1, QEE17804.1, QEE17807.1	
OG0000285	QEE15096.1, QEE17929.1	TXT53718.1
OG0000286	QEE15103.1, QEE16989.1, QEE17050.1	
OG0000287	QEE15117.1, QEE17357.1	TXT55426.1
OG0000288	QEE15123.1, QEE15214.1, QEE17699.1	
OG0000289	QEE15124.1	TXT54918.1, TXT57457.1
OG0000290	QEE15130.1, QEE15638.1, QEE16247.1	
OG0000291	QEE15141.1, QEE18043.1	TXT57802.1
OG0000292	QEE15147.1, QEE16659.1	TXT57735.1
OG0000293	QEE15179.1, QEE15758.1	TXT55211.1
OG0000294	QEE15183.1	TXT57866.1, TXT57938.1
OG0000295	QEE15195.1	TXT53562.1, TXT53563.1
OG0000296	QEE15197.1, QEE15819.1, QEE16978.1	
OG0000297	QEE15201.1, QEE15662.1, QEE15663.1	
OG0000298	QEE15204.1, QEE16681.1, QEE17590.1	
OG0000299	QEE15208.1	TXT55736.1, TXT57766.1
OG0000300	QEE15242.1, QEE16915.1, QEE18002.1	
OG0000301	QEE15248.1, QEE15249.1, QEE17555.1	
OG0000302	QEE15252.1	TXT54506.1, TXT56789.1
OG0000303	QEE15263.1	TXT54956.1, TXT55700.1
OG0000304	QEE15264.1	TXT54957.1, TXT55701.1
OG0000305	QEE15288.1	TXT55914.1, TXT56787.1
OG0000306	QEE15295.1	TXT54077.1, TXT56947.1
OG0000307	QEE15296.1	TXT54078.1, TXT56948.1
OG0000308	QEE15297.1	TXT55986.1, TXT56921.1
OG0000309	QEE15309.1	TXT53812.1, TXT55640.1
OG0000310	QEE15365.1, QEE15367.1	TXT56435.1
OG0000311	QEE15417.1, QEE16565.1, QEE16567.1	
OG0000312	QEE15431.1	TXT55737.1, TXT55920.1
OG0000313	QEE15464.1, QEE15502.1, QEE17086.1	
OG0000314	QEE15480.1	TXT53814.1, TXT55642.1
OG0000315	QEE15513.1, QEE15768.1	TXT57606.1
OG0000316	QEE15534.1, QEE16223.1, QEE18035.1	
OG0000317	QEE15552.1, QEE16410.1, QEE16411.1	
OG0000318	QEE15563.1	TXT56439.1, TXT57584.1
OG0000319	QEE15605.1, QEE17609.1, QEE18125.1	
OG0000320	QEE15615.1	TXT55398.1, TXT56546.1
OG0000321	QEE15640.1	TXT54371.1, TXT55344.1
OG0000322	QEE15649.1	TXT54960.1, TXT56611.1
OG0000323	QEE15688.1	TXT54826.1, TXT56674.1
OG0000324	QEE15689.1, QEE15691.1	TXT56627.1
OG0000325	QEE15693.1, QEE15694.1, QEE17714.1	
OG0000326	QEE15704.1	TXT57347.1, TXT57728.1
OG0000327	QEE15748.1, QEE16188.1	TXT56004.1
OG0000328	QEE15757.1, QEE17255.1, QEE17634.1	
OG0000329	QEE15784.1, QEE15809.1, QEE16137.1	
OG0000330	QEE15794.1, QEE18027.1, QEE18028.1	
OG0000331	QEE15795.1, QEE15991.1	TXT56605.1
OG0000332	QEE15796.1	TXT54614.1, TXT55304.1
OG0000333	QEE15876.1	TXT55632.1, TXT56003.1
OG0000334	QEE15894.1	TXT54896.1, TXT55797.1
OG0000335	QEE15896.1, QEE16449.1	TXT54608.1
OG0000336	QEE15902.1, QEE15905.1	TXT54222.1
OG0000337	QEE15932.1	TXT54919.1, TXT55259.1
OG0000338	QEE15948.1, QEE15949.1, QEE15950.1	
OG0000339	QEE15988.1	TXT56681.1, TXT57378.1
OG0000340	QEE16076.1	TXT56464.1, TXT57642.1
OG0000341	QEE16078.1	TXT56476.1, TXT56477.1
OG0000342	QEE16081.1	TXT55670.1, TXT55680.1
OG0000343	QEE16091.1	TXT55149.1, TXT57468.1
OG0000344	QEE16126.1	TXT55343.1, TXT57049.1
OG0000345	QEE16142.1, QEE16274.1, QEE17204.1	
OG0000346	QEE16152.1	TXT56518.1, TXT56867.1
OG0000347	QEE16166.1, QEE16167.1, QEE16168.1	
OG0000348	QEE16229.1	TXT54405.1, TXT56639.1
OG0000349	QEE16258.1	TXT55235.1, TXT56731.1
OG0000350	QEE16261.1	TXT54658.1, TXT57678.1
OG0000351	QEE16287.1, QEE16290.1, QEE16291.1	
OG0000352	QEE16305.1, QEE17103.1, QEE17770.1	
OG0000353	QEE16317.1, QEE17748.1	TXT54514.1
OG0000354	QEE16344.1, QEE17295.1, QEE17726.1	
OG0000355	QEE16366.1	TXT54340.1, TXT55348.1
OG0000356	QEE16420.1, QEE16893.1, QEE17117.1	
OG0000357	QEE16421.1, QEE16894.1, QEE17116.1	
OG0000358	QEE16457.1	TXT55699.1, TXT55818.1
OG0000359	QEE16495.1, QEE16749.1	TXT55270.1
OG0000360	QEE16500.1, QEE16985.1	TXT57446.1
OG0000361	QEE16502.1	TXT54205.1, TXT55865.1
OG0000362	QEE16508.1, QEE17810.1, QEE17812.1	
OG0000363	QEE16529.1, QEE16530.1	TXT55296.1
OG0000364	QEE16555.1, QEE16927.1	TXT53858.1
OG0000365	QEE16556.1, QEE16928.1	TXT53859.1
OG0000366	QEE16574.1, QEE17790.1	TXT57658.1
OG0000367	QEE16586.1, QEE16590.1	TXT53752.1
OG0000368	QEE16642.1, QEE18033.1, QEE18034.1	
OG0000369	QEE16655.1	TXT53976.1, TXT55252.1
OG0000370	QEE16687.1	TXT54821.1, TXT57434.1
OG0000371	QEE16724.1	TXT57531.1, TXT57848.1
OG0000372	QEE16765.1	TXT57786.1, TXT57787.1
OG0000373	QEE16853.1, QEE16855.1, QEE16858.1	
OG0000374	QEE16864.1	TXT54332.1, TXT57862.1
OG0000375	QEE16896.1, QEE16897.1, QEE17993.1	
OG0000376	QEE16911.1, QEE17537.1, QEE17621.1	
OG0000377	QEE16957.1, QEE16958.1, QEE16959.1	
OG0000378	QEE17049.1, QEE17227.1, QEE17280.1	
OG0000379	QEE17058.1	TXT53916.1, TXT56859.1
OG0000380	QEE17059.1	TXT53809.1, TXT57014.1
OG0000381	QEE17060.1	TXT53810.1, TXT57015.1
OG0000382	QEE17091.1, QEE17092.1, QEE17093.1	
OG0000383	QEE17095.1	TXT55293.1, TXT56068.1
OG0000384	QEE17100.1, QEE17149.1	TXT54100.1
OG0000385	QEE17120.1	TXT53841.1, TXT57451.1
OG0000386	QEE17175.1	TXT55448.1, TXT56118.1
OG0000387	QEE17183.1	TXT55274.1, TXT56749.1
OG0000388	QEE17201.1, QEE17692.1	TXT55395.1
OG0000389	QEE17232.1, QEE17284.1, QEE17945.1	
OG0000390	QEE17276.1	TXT55954.1, TXT57034.1
OG0000391	QEE17311.1, QEE17365.1	TXT56986.1
OG0000392	QEE17343.1	TXT55365.1, TXT56804.1
OG0000393	QEE17352.1	TXT57324.1, TXT57325.1
OG0000394	QEE17385.1	TXT53936.1, TXT55624.1
OG0000395	QEE17388.1	TXT53935.1, TXT55625.1
OG0000396	QEE17390.1	TXT54921.1, TXT55330.1
OG0000397	QEE17423.1	TXT55875.1, TXT55876.1
OG0000398	QEE17432.1	TXT53821.1, TXT54251.1
OG0000399	QEE17446.1	TXT56620.1, TXT57753.1
OG0000400	QEE17539.1	TXT57055.1, TXT57489.1
OG0000401	QEE17547.1	TXT55181.1, TXT55982.1
OG0000402	QEE17592.1, QEE17593.1, QEE17594.1	
OG0000403	QEE17607.1, QEE18020.1	TXT56117.1
OG0000404	QEE17627.1	TXT55658.1, TXT56506.1
OG0000405	QEE17789.1	TXT57654.1, TXT57841.1
OG0000406	QEE17873.1, QEE17875.1	TXT57725.1
OG0000407	QEE17878.1	TXT56874.1, TXT57718.1
OG0000408	QEE17880.1	TXT53934.1, TXT55626.1
OG0000409	QEE17883.1	TXT53925.1, TXT53932.1
OG0000410	QEE17887.1	TXT53929.1, TXT56917.1
OG0000411	QEE17972.1	TXT55114.1, TXT56909.1
OG0000412	QEE17992.1	TXT54547.1, TXT57916.1
OG0000413	QEE18039.1	TXT55756.1, TXT57571.1
OG0000414	QEE18040.1	TXT55757.1, TXT57570.1
OG0000415	QEE18060.1	TXT55314.1, TXT56688.1
OG0000416	QEE18063.1	TXT56495.1, TXT56641.1
OG0000417	QEE18094.1	TXT54580.1, TXT55101.1
OG0000418	QEE18104.1	TXT56578.1, TXT56655.1
OG0000419		TXT53514.1, TXT53516.1, TXT53532.1
OG0000420		TXT53837.1, TXT54800.1, TXT57890.1
OG0000421		TXT53863.1, TXT53865.1, TXT57809.1
OG0000422		TXT54056.1, TXT54057.1, TXT56600.1
OG0000423		TXT54080.1, TXT55978.1, TXT55979.1
OG0000424		TXT54223.1, TXT56775.1, TXT57052.1
OG0000425		TXT54302.1, TXT54303.1, TXT54965.1
OG0000426		TXT54325.1, TXT55213.1, TXT57690.1
OG0000427		TXT54366.1, TXT54367.1, TXT55387.1
OG0000428		TXT54522.1, TXT54523.1, TXT54524.1
OG0000429		TXT54536.1, TXT56037.1, TXT57904.1
OG0000430		TXT54537.1, TXT57440.1, TXT57646.1
OG0000431		TXT54665.1, TXT55282.1, TXT57859.1
OG0000432		TXT54750.1, TXT56942.1, TXT57580.1
OG0000433		TXT54803.1, TXT56449.1, TXT57643.1
OG0000434		TXT54827.1, TXT56582.1, TXT57016.1
OG0000435		TXT54864.1, TXT54872.1, TXT57432.1
OG0000436		TXT54924.1, TXT54926.1, TXT55287.1
OG0000437		TXT54955.1, TXT54966.1, TXT57314.1
OG0000438		TXT55103.1, TXT55104.1, TXT55689.1
OG0000439		TXT55198.1, TXT56023.1, TXT57574.1
OG0000440		TXT55224.1, TXT55427.1, TXT57744.1
OG0000441		TXT55434.1, TXT55911.1, TXT57807.1
OG0000442		TXT55436.1, TXT55627.1, TXT57621.1
OG0000443		TXT56096.1, TXT56098.1, TXT57601.1
OG0000444		TXT56576.1, TXT56622.1, TXT56848.1
OG0000445		TXT56666.1, TXT57548.1, TXT57549.1
OG0000446	QEE14197.1, QEE14266.1	
OG0000447	QEE14198.1, QEE16639.1	
OG0000448	QEE14199.1	TXT53972.1
OG0000449	QEE14200.1	TXT53975.1
OG0000450	QEE14202.1	TXT54416.1
OG0000451	QEE14204.1, QEE17386.1	
OG0000452	QEE14205.1, QEE17495.1	
OG0000453	QEE14212.1	TXT57513.1
OG0000454	QEE14214.1, QEE14215.1	
OG0000455	QEE14216.1, QEE16577.1	
OG0000456	QEE14217.1	TXT56882.1
OG0000457	QEE14220.1	TXT56515.1
OG0000458	QEE14222.1	TXT57344.1
OG0000459	QEE14223.1	TXT55197.1
OG0000460	QEE14226.1	TXT56862.1
OG0000461	QEE14235.1	TXT57523.1
OG0000462	QEE14242.1	TXT55859.1
OG0000463	QEE14248.1	TXT56761.1
OG0000464	QEE14253.1	TXT57911.1
OG0000465	QEE14254.1	TXT57066.1
OG0000466	QEE14256.1	TXT56908.1
OG0000467	QEE14259.1	TXT56906.1
OG0000468	QEE14262.1	TXT56104.1
OG0000469	QEE14264.1	TXT54892.1
OG0000470	QEE14268.1	TXT56009.1
OG0000471	QEE14273.1	TXT56079.1
OG0000472	QEE14274.1	TXT56080.1
OG0000473	QEE14276.1, QEE17959.1	
OG0000474	QEE14284.1	TXT56502.1
OG0000475	QEE14285.1	TXT56875.1
OG0000476	QEE14286.1	TXT55989.1
OG0000477	QEE14288.1	TXT56520.1
OG0000478	QEE14291.1	TXT57634.1
OG0000479	QEE14297.1	TXT53714.1
OG0000480	QEE14298.1	TXT53715.1
OG0000481	QEE14299.1	TXT53716.1
OG0000482	QEE14301.1, QEE16758.1	
OG0000483	QEE14304.1	TXT55907.1
OG0000484	QEE14305.1	TXT56692.1
OG0000485	QEE14307.1	TXT56691.1
OG0000486	QEE14308.1	TXT56132.1
OG0000487	QEE14313.1	TXT56421.1
OG0000488	QEE14315.1	TXT57058.1
OG0000489	QEE14316.1, QEE17600.1	
OG0000490	QEE14319.1, QEE15078.1	
OG0000491	QEE14320.1	TXT54623.1
OG0000492	QEE14331.1, QEE16273.1	
OG0000493	QEE14333.1	TXT55155.1
OG0000494	QEE14334.1	TXT55154.1
OG0000495	QEE14335.1	TXT57611.1
OG0000496	QEE14337.1	TXT55854.1
OG0000497	QEE14339.1	TXT54787.1
OG0000498	QEE14341.1	TXT56693.1
OG0000499	QEE14344.1	TXT54645.1
OG0000500	QEE14348.1	TXT55883.1
OG0000501	QEE14349.1	TXT54233.1
OG0000502	QEE14350.1	TXT54232.1
OG0000503	QEE14352.1	TXT57474.1
OG0000504	QEE14362.1, QEE14363.1	
OG0000505	QEE14365.1, QEE16780.1	
OG0000506	QEE14367.1	TXT54758.1
OG0000507	QEE14372.1	TXT54322.1
OG0000508	QEE14373.1, QEE17815.1	
OG0000509	QEE14374.1, QEE17816.1	
OG0000510	QEE14380.1	TXT57533.1
OG0000511	QEE14381.1, QEE15843.1	
OG0000512	QEE14383.1, QEE17017.1	
OG0000513	QEE14385.1	TXT57507.1
OG0000514	QEE14386.1, QEE14566.1	
OG0000515	QEE14387.1	TXT55671.1
OG0000516	QEE14388.1	TXT56602.1
OG0000517	QEE14409.1, QEE14512.1	
OG0000518	QEE14418.1	TXT55660.1
OG0000519	QEE14429.1, QEE18087.1	
OG0000520	QEE14430.1	TXT56480.1
OG0000521	QEE14450.1	TXT56979.1
OG0000522	QEE14451.1	TXT56980.1
OG0000523	QEE14456.1	TXT56981.1
OG0000524	QEE14459.1	TXT53961.1
OG0000525	QEE14461.1	TXT53958.1
OG0000526	QEE14464.1	TXT56996.1
OG0000527	QEE14465.1	TXT56995.1
OG0000528	QEE14468.1, QEE17338.1	
OG0000529	QEE14470.1	TXT56998.1
OG0000530	QEE14471.1	TXT56999.1
OG0000531	QEE14472.1	TXT57000.1
OG0000532	QEE14473.1	TXT57001.1
OG0000533	QEE14480.1, QEE17283.1	
OG0000534	QEE14484.1, QEE17744.1	
OG0000535	QEE14505.1, QEE15707.1	
OG0000536	QEE14510.1, QEE14711.1	
OG0000537	QEE14522.1, QEE15229.1	
OG0000538	QEE14523.1, QEE15191.1	
OG0000539	QEE14525.1	TXT56816.1
OG0000540	QEE14531.1	TXT56740.1
OG0000541	QEE14540.1	TXT54329.1
OG0000542	QEE14541.1	TXT57013.1
OG0000543	QEE14546.1, QEE14548.1	
OG0000544	QEE14555.1	TXT53711.1
OG0000545	QEE14564.1	TXT53713.1
OG0000546	QEE14568.1	TXT56784.1
OG0000547	QEE14572.1	TXT56630.1
OG0000548	QEE14575.1	TXT56122.1
OG0000549	QEE14577.1	TXT56822.1
OG0000550	QEE14578.1, QEE16336.1	
OG0000551	QEE14579.1	TXT57033.1
OG0000552	QEE14582.1	TXT56887.1
OG0000553	QEE14584.1	TXT56885.1
OG0000554	QEE14588.1	TXT55869.1
OG0000555	QEE14595.1, QEE15251.1	
OG0000556	QEE14602.1	TXT56597.1
OG0000557	QEE14604.1	TXT56963.1
OG0000558	QEE14605.1	TXT56962.1
OG0000559	QEE14609.1	TXT57683.1
OG0000560	QEE14620.1	TXT54844.1
OG0000561	QEE14622.1	TXT55984.1
OG0000562	QEE14625.1, QEE14824.1	
OG0000563	QEE14626.1	TXT54328.1
OG0000564	QEE14631.1	TXT54392.1
OG0000565	QEE14632.1	TXT54390.1
OG0000566	QEE14636.1, QEE17375.1	
OG0000567	QEE14637.1, QEE17374.1	
OG0000568	QEE14638.1	TXT57913.1
OG0000569	QEE14639.1	TXT56734.1
OG0000570	QEE14641.1	TXT55956.1
OG0000571	QEE14650.1	TXT54108.1
OG0000572	QEE14651.1	TXT54109.1
OG0000573	QEE14660.1	TXT55130.1
OG0000574	QEE14661.1	TXT56724.1
OG0000575	QEE14662.1	TXT56723.1
OG0000576	QEE14663.1	TXT56585.1
OG0000577	QEE14664.1	TXT56584.1
OG0000578	QEE14668.1	TXT56695.1
OG0000579	QEE14679.1	TXT56694.1
OG0000580	QEE14684.1	TXT55943.1
OG0000581	QEE14686.1	TXT55945.1
OG0000582	QEE14687.1, QEE15900.1	
OG0000583	QEE14690.1, QEE17918.1	
OG0000584	QEE14692.1, QEE14769.1	
OG0000585	QEE14695.1	TXT57618.1
OG0000586	QEE14702.1, QEE15308.1	
OG0000587	QEE14706.1	TXT56904.1
OG0000588	QEE14708.1	TXT56903.1
OG0000589	QEE14709.1	TXT56736.1
OG0000590	QEE14714.1	TXT54961.1
OG0000591	QEE14716.1	TXT57010.1
OG0000592	QEE14717.1	TXT55712.1
OG0000593	QEE14718.1, QEE16881.1	
OG0000594	QEE14719.1	TXT57004.1
OG0000595	QEE14720.1	TXT54841.1
OG0000596	QEE14723.1	TXT53953.1
OG0000597	QEE14724.1	TXT53952.1
OG0000598	QEE14725.1	TXT53951.1
OG0000599	QEE14726.1	TXT53950.1
OG0000600	QEE14727.1	TXT53949.1
OG0000601	QEE14733.1	TXT56821.1
OG0000602	QEE14734.1, QEE15506.1	
OG0000603	QEE14736.1	TXT56022.1
OG0000604	QEE14745.1	TXT56842.1
OG0000605	QEE14746.1	TXT56843.1
OG0000606	QEE14758.1	TXT57568.1
OG0000607	QEE14759.1	TXT56823.1
OG0000608	QEE14762.1	TXT57706.1
OG0000609	QEE14763.1	TXT56020.1
OG0000610	QEE14765.1	TXT57607.1
OG0000611	QEE14771.1	TXT54770.1
OG0000612	QEE14773.1	TXT54768.1
OG0000613	QEE14775.1	TXT56608.1
OG0000614	QEE14780.1	TXT57057.1
OG0000615	QEE14781.1	TXT57609.1
OG0000616	QEE14782.1	TXT55175.1
OG0000617	QEE14783.1	TXT57608.1
OG0000618	QEE14787.1, QEE14802.1	
OG0000619	QEE14803.1, QEE16162.1	
OG0000620	QEE14804.1, QEE16163.1	
OG0000621	QEE14818.1	TXT56824.1
OG0000622	QEE14820.1	TXT56826.1
OG0000623	QEE14827.1	TXT56746.1
OG0000624	QEE14829.1	TXT54858.1
OG0000625	QEE14831.1	TXT57012.1
OG0000626	QEE14832.1	TXT56592.1
OG0000627	QEE14834.1	TXT56595.1
OG0000628	QEE14838.1	TXT56977.1
OG0000629	QEE14839.1	TXT56978.1
OG0000630	QEE14841.1	TXT56737.1
OG0000631	QEE14843.1	TXT56699.1
OG0000632	QEE14844.1	TXT57338.1
OG0000633	QEE14845.1	TXT57441.1
OG0000634	QEE14848.1	TXT53710.1
OG0000635	QEE14850.1	TXT56852.1
OG0000636	QEE14851.1	TXT56959.1
OG0000637	QEE14853.1	TXT56878.1
OG0000638	QEE14854.1	TXT56879.1
OG0000639	QEE14855.1	TXT56880.1
OG0000640	QEE14860.1	TXT56856.1
OG0000641	QEE14861.1	TXT56581.1
OG0000642	QEE14862.1	TXT56896.1
OG0000643	QEE14863.1	TXT55905.1
OG0000644	QEE14867.1	TXT56861.1
OG0000645	QEE14869.1	TXT56855.1
OG0000646	QEE14872.1	TXT57009.1
OG0000647	QEE14873.1	TXT57008.1
OG0000648	QEE14874.1	TXT57007.1
OG0000649	QEE14875.1	TXT57774.1
OG0000650	QEE14876.1	TXT57659.1
OG0000651	QEE14882.1	TXT56626.1
OG0000652	QEE14884.1	TXT56669.1
OG0000653	QEE14885.1	TXT57476.1
OG0000654	QEE14890.1	TXT56616.1
OG0000655	QEE14891.1	TXT54321.1
OG0000656	QEE14892.1	TXT57765.1
OG0000657	QEE14896.1	TXT57741.1
OG0000658	QEE14898.1	TXT57557.1
OG0000659	QEE14899.1	TXT57334.1
OG0000660	QEE14903.1	TXT57631.1
OG0000661	QEE14904.1, QEE16233.1	
OG0000662	QEE14905.1	TXT54786.1
OG0000663	QEE14909.1, QEE17601.1	
OG0000664	QEE14911.1	TXT55861.1
OG0000665	QEE14921.1, QEE15779.1	
OG0000666	QEE14922.1	TXT57708.1
OG0000667	QEE14925.1, QEE15564.1	
OG0000668	QEE14926.1, QEE16755.1	
OG0000669	QEE14927.1	TXT55732.1
OG0000670	QEE14928.1	TXT55216.1
OG0000671	QEE14937.1, QEE17513.1	
OG0000672	QEE14939.1	TXT56700.1
OG0000673	QEE14940.1	TXT56701.1
OG0000674	QEE14941.1, QEE14942.1	
OG0000675	QEE14948.1	TXT57770.1
OG0000676	QEE14950.1, QEE15238.1	
OG0000677	QEE14951.1	TXT57636.1
OG0000678	QEE14954.1	TXT57649.1
OG0000679	QEE14957.1	TXT56954.1
OG0000680	QEE14958.1	TXT56955.1
OG0000681	QEE14959.1	TXT56956.1
OG0000682	QEE14960.1, QEE16778.1	
OG0000683	QEE14962.1	TXT54253.1
OG0000684	QEE14963.1	TXT54122.1
OG0000685	QEE14965.1	TXT55806.1
OG0000686	QEE14966.1	TXT57715.1
OG0000687	QEE14967.1	TXT55145.1
OG0000688	QEE14968.1	TXT53981.1
OG0000689	QEE14981.1, QEE14982.1	
OG0000690	QEE14989.1, QEE15305.1	
OG0000691	QEE14990.1, QEE15395.1	
OG0000692	QEE14991.1, QEE17965.1	
OG0000693	QEE14992.1	TXT54412.1
OG0000694	QEE14993.1	TXT56577.1
OG0000695	QEE14995.1	TXT56654.1
OG0000696	QEE14996.1	TXT56653.1
OG0000697	QEE14997.1, QEE15635.1	
OG0000698	QEE15014.1	TXT57929.1
OG0000699	QEE15029.1	TXT55781.1
OG0000700	QEE15039.1, QEE17325.1	
OG0000701	QEE15042.1, QEE17890.1	
OG0000702	QEE15043.1, QEE17000.1	
OG0000703	QEE15050.1	TXT53945.1
OG0000704	QEE15051.1	TXT53946.1
OG0000705	QEE15060.1, QEE17461.1	
OG0000706	QEE15062.1	TXT54120.1
OG0000707	QEE15063.1	TXT54121.1
OG0000708	QEE15065.1	TXT56512.1
OG0000709	QEE15066.1	TXT56511.1
OG0000710	QEE15067.1	TXT56510.1
OG0000711	QEE15068.1	TXT56509.1
OG0000712	QEE15069.1	TXT56508.1
OG0000713	QEE15080.1	TXT56507.1
OG0000714	QEE15084.1	TXT55874.1
OG0000715	QEE15090.1	TXT56525.1
OG0000716	QEE15092.1, QEE17098.1	
OG0000717	QEE15093.1	TXT57685.1
OG0000718	QEE15095.1	TXT53720.1
OG0000719	QEE15105.1	TXT57501.1
OG0000720	QEE15106.1, QEE16702.1	
OG0000721	QEE15121.1	TXT57392.1
OG0000722	QEE15122.1	TXT55152.1
OG0000723	QEE15148.1, QEE15595.1	
OG0000724	QEE15160.1	TXT55371.1
OG0000725	QEE15161.1	TXT54939.1
OG0000726	QEE15162.1	TXT57395.1
OG0000727	QEE15165.1	TXT56478.1
OG0000728	QEE15166.1	TXT56702.1
OG0000729	QEE15176.1, QEE15177.1	
OG0000730	QEE15182.1, QEE17891.1	
OG0000731	QEE15192.1, QEE17787.1	
OG0000732	QEE15193.1, QEE15196.1	
OG0000733	QEE15210.1	TXT54202.1
OG0000734	QEE15212.1, QEE15213.1	
OG0000735	QEE15218.1, QEE15477.1	
OG0000736	QEE15221.1	TXT56521.1
OG0000737	QEE15222.1	TXT56523.1
OG0000738	QEE15223.1	TXT56069.1
OG0000739	QEE15227.1, QEE15898.1	
OG0000740	QEE15233.1, QEE17933.1	
OG0000741	QEE15241.1	TXT55260.1
OG0000742	QEE15244.1, QEE17224.1	
OG0000743	QEE15247.1	TXT57702.1
OG0000744	QEE15253.1	TXT56929.1
OG0000745	QEE15254.1, QEE18026.1	
OG0000746	QEE15258.1	TXT54606.1
OG0000747	QEE15265.1	TXT55729.1
OG0000748	QEE15266.1	TXT55685.1
OG0000749	QEE15267.1	TXT57519.1
OG0000750	QEE15268.1	TXT57520.1
OG0000751	QEE15270.1	TXT57522.1
OG0000752	QEE15282.1, QEE18130.1	
OG0000753	QEE15283.1	TXT54113.1
OG0000754	QEE15287.1	TXT56788.1
OG0000755	QEE15289.1	TXT54225.1
OG0000756	QEE15291.1, QEE15292.1	
OG0000757	QEE15293.1	TXT55333.1
OG0000758	QEE15294.1	TXT53851.1
OG0000759	QEE15301.1, QEE17150.1	
OG0000760	QEE15302.1, QEE15490.1	
OG0000761	QEE15312.1	TXT53924.1
OG0000762	QEE15318.1, QEE16950.1	
OG0000763	QEE15321.1	TXT53920.1
OG0000764	QEE15330.1	TXT57742.1
OG0000765	QEE15332.1	TXT56033.1
OG0000766	QEE15337.1, QEE17888.1	
OG0000767	QEE15339.1, QEE16269.1	
OG0000768	QEE15341.1	TXT57672.1
OG0000769	QEE15342.1	TXT56722.1
OG0000770	QEE15344.1	TXT53721.1
OG0000771	QEE15345.1	TXT53723.1
OG0000772	QEE15346.1	TXT53724.1
OG0000773	QEE15347.1	TXT53725.1
OG0000774	QEE15348.1	TXT53726.1
OG0000775	QEE15350.1	TXT53728.1
OG0000776	QEE15351.1	TXT53729.1
OG0000777	QEE15353.1	TXT53731.1
OG0000778	QEE15354.1	TXT53732.1
OG0000779	QEE15355.1	TXT53733.1
OG0000780	QEE15356.1	TXT53734.1
OG0000781	QEE15357.1	TXT53735.1
OG0000782	QEE15359.1	TXT53737.1
OG0000783	QEE15360.1	TXT53738.1
OG0000784	QEE15361.1	TXT53739.1
OG0000785	QEE15363.1	TXT56438.1
OG0000786	QEE15369.1	TXT56726.1
OG0000787	QEE15370.1	TXT56131.1
OG0000788	QEE15371.1	TXT56727.1
OG0000789	QEE15374.1	TXT57031.1
OG0000790	QEE15375.1	TXT57032.1
OG0000791	QEE15378.1	TXT54632.1
OG0000792	QEE15379.1	TXT54633.1
OG0000793	QEE15381.1	TXT56643.1
OG0000794	QEE15383.1	TXT57577.1
OG0000795	QEE15384.1	TXT55356.1
OG0000796	QEE15386.1	TXT56750.1
OG0000797	QEE15387.1	TXT55692.1
OG0000798	QEE15389.1	TXT55928.1
OG0000799	QEE15390.1	TXT55189.1
OG0000800	QEE15400.1, QEE16371.1	
OG0000801	QEE15406.1	TXT56589.1
OG0000802	QEE15407.1	TXT57930.1
OG0000803	QEE15409.1	TXT56031.1
OG0000804	QEE15411.1	TXT56974.1
OG0000805	QEE15419.1, QEE17322.1	
OG0000806	QEE15421.1	TXT56594.1
OG0000807	QEE15422.1	TXT56568.1
OG0000808	QEE15424.1	TXT55134.1
OG0000809	QEE15426.1, QEE17139.1	
OG0000810	QEE15428.1	TXT55346.1
OG0000811	QEE15429.1	TXT53744.1
OG0000812	QEE15436.1, QEE16561.1	
OG0000813	QEE15440.1	TXT56516.1
OG0000814	QEE15441.1	TXT54783.1
OG0000815	QEE15442.1	TXT54772.1
OG0000816	QEE15444.1	TXT57558.1
OG0000817	QEE15446.1	TXT56490.1
OG0000818	QEE15450.1, QEE18077.1	
OG0000819	QEE15451.1, QEE18078.1	
OG0000820	QEE15452.1	TXT55112.1
OG0000821	QEE15453.1	TXT56488.1
OG0000822	QEE15454.1	TXT56487.1
OG0000823	QEE15456.1, QEE15457.1	
OG0000824	QEE15463.1, QEE16606.1	
OG0000825	QEE15465.1	TXT56825.1
OG0000826	QEE15473.1, QEE16944.1	
OG0000827	QEE15481.1, QEE15482.1	
OG0000828	QEE15483.1	TXT56532.1
OG0000829	QEE15487.1	TXT57721.1
OG0000830	QEE15488.1	TXT56811.1
OG0000831	QEE15491.1	TXT56690.1
OG0000832	QEE15492.1	TXT57662.1
OG0000833	QEE15496.1	TXT53827.1
OG0000834	QEE15497.1	TXT53826.1
OG0000835	QEE15499.1	TXT53853.1
OG0000836	QEE15507.1	TXT54123.1
OG0000837	QEE15511.1	TXT56026.1
OG0000838	QEE15515.1	TXT56629.1
OG0000839	QEE15518.1, QEE17339.1	
OG0000840	QEE15523.1, QEE15527.1	
OG0000841	QEE15526.1, QEE16591.1	
OG0000842	QEE15528.1	TXT54309.1
OG0000843	QEE15529.1	TXT54310.1
OG0000844	QEE15531.1	TXT54311.1
OG0000845	QEE15537.1	TXT57875.1
OG0000846	QEE15538.1, QEE17044.1	
OG0000847	QEE15539.1	TXT57952.1
OG0000848	QEE15541.1	TXT57637.1
OG0000849	QEE15548.1, QEE16149.1	
OG0000850	QEE15555.1	TXT56807.1
OG0000851	QEE15566.1	TXT55205.1
OG0000852	QEE15569.1	TXT55188.1
OG0000853	QEE15572.1, QEE15574.1	
OG0000854	QEE15573.1, QEE15575.1	
OG0000855	QEE15576.1	TXT55283.1
OG0000856	QEE15587.1	TXT54643.1
OG0000857	QEE15588.1, QEE16524.1	
OG0000858	QEE15590.1	TXT54116.1
OG0000859	QEE15598.1, QEE17084.1	
OG0000860	QEE15599.1	TXT55285.1
OG0000861	QEE15609.1	TXT57617.1
OG0000862	QEE15611.1	TXT56975.1
OG0000863	QEE15633.1, QEE16447.1	
OG0000864	QEE15636.1, QEE18106.1	
OG0000865	QEE15641.1, QEE17035.1	
OG0000866	QEE15642.1	TXT55748.1
OG0000867	QEE15646.1	TXT55741.1
OG0000868	QEE15657.1	TXT57734.1
OG0000869	QEE15660.1	TXT53845.1
OG0000870	QEE15671.1, QEE15672.1	
OG0000871	QEE15682.1	TXT56499.1
OG0000872	QEE15683.1	TXT56505.1
OG0000873	QEE15684.1	TXT53944.1
OG0000874	QEE15685.1	TXT56676.1
OG0000875	QEE15687.1	TXT56675.1
OG0000876	QEE15696.1	TXT56470.1
OG0000877	QEE15697.1	TXT57689.1
OG0000878	QEE15698.1	TXT57688.1
OG0000879	QEE15699.1	TXT57687.1
OG0000880	QEE15700.1	TXT56601.1
OG0000881	QEE15714.1	TXT57551.1
OG0000882	QEE15718.1	TXT54842.1
OG0000883	QEE15734.1, QEE16882.1	
OG0000884	QEE15742.1	TXT56863.1
OG0000885	QEE15754.1, QEE15787.1	
OG0000886	QEE15755.1	TXT54935.1
OG0000887	QEE15761.1	TXT56713.1
OG0000888	QEE15765.1	TXT56759.1
OG0000889	QEE15766.1	TXT56575.1
OG0000890	QEE15769.1	TXT56756.1
OG0000891	QEE15770.1	TXT56757.1
OG0000892	QEE15771.1	TXT56758.1
OG0000893	QEE15772.1, QEE16793.1	
OG0000894	QEE15777.1	TXT57061.1
OG0000895	QEE15782.1, QEE16569.1	
OG0000896	QEE15786.1	TXT54899.1
OG0000897	QEE15790.1	TXT57304.1
OG0000898	QEE15791.1	TXT57048.1
OG0000899	QEE15792.1, QEE16067.1	
OG0000900	QEE15802.1	TXT57353.1
OG0000901	QEE15803.1, QEE16512.1	
OG0000902	QEE15806.1	TXT57716.1
OG0000903	QEE15813.1	TXT57046.1
OG0000904	QEE15814.1	TXT55257.1
OG0000905	QEE15815.1	TXT55256.1
OG0000906	QEE15818.1, QEE16531.1	
OG0000907	QEE15821.1, QEE16494.1	
OG0000908	QEE15828.1	TXT56615.1
OG0000909	QEE15833.1	TXT55317.1
OG0000910	QEE15840.1	TXT54558.1
OG0000911	QEE15841.1	TXT53860.1
OG0000912	QEE15858.1	TXT55745.1
OG0000913	QEE15859.1, QEE17290.1	
OG0000914	QEE15864.1	TXT54775.1
OG0000915	QEE15866.1	TXT54931.1
OG0000916	QEE15867.1	TXT56827.1
OG0000917	QEE15868.1	TXT56621.1
OG0000918	QEE15869.1	TXT56624.1
OG0000919	QEE15871.1	TXT56625.1
OG0000920	QEE15878.1	TXT54857.1
OG0000921	QEE15879.1	TXT56519.1
OG0000922	QEE15895.1	TXT54943.1
OG0000923	QEE15897.1, QEE15899.1	
OG0000924	QEE15909.1	TXT57327.1
OG0000925	QEE15911.1, QEE16568.1	
OG0000926	QEE15930.1	TXT55358.1
OG0000927	QEE15936.1	TXT55933.1
OG0000928	QEE15938.1	TXT55760.1
OG0000929	QEE15939.1	TXT57421.1
OG0000930	QEE15943.1	TXT57414.1
OG0000931	QEE15944.1	TXT57422.1
OG0000932	QEE15957.1, QEE16916.1	
OG0000933	QEE15958.1	TXT56570.1
OG0000934	QEE15959.1	TXT56571.1
OG0000935	QEE15960.1	TXT56572.1
OG0000936	QEE15961.1	TXT56573.1
OG0000937	QEE15962.1	TXT55824.1
OG0000938	QEE15965.1	TXT56846.1
OG0000939	QEE15974.1	TXT54130.1
OG0000940	QEE15981.1	TXT56754.1
OG0000941	QEE15985.1	TXT56656.1
OG0000942	QEE15993.1	TXT56697.1
OG0000943	QEE15994.1	TXT55666.1
OG0000944	QEE15997.1	TXT57846.1
OG0000945	QEE16001.1	TXT53983.1
OG0000946	QEE16004.1	TXT54856.1
OG0000947	QEE16016.1, QEE16017.1	
OG0000948	QEE16040.1, QEE16053.1	
OG0000949	QEE16046.1	TXT57382.1
OG0000950	QEE16047.1	TXT54889.1
OG0000951	QEE16048.1	TXT54888.1
OG0000952	QEE16050.1	TXT54853.1
OG0000953	QEE16051.1, QEE16054.1	
OG0000954	QEE16058.1	TXT54806.1
OG0000955	QEE16064.1, QEE16066.1	
OG0000956	QEE16072.1	TXT56698.1
OG0000957	QEE16077.1	TXT57641.1
OG0000958	QEE16085.1, QEE17341.1	
OG0000959	QEE16088.1	TXT54216.1
OG0000960	QEE16089.1	TXT57340.1
OG0000961	QEE16093.1	TXT56815.1
OG0000962	QEE16097.1, QEE16454.1	
OG0000963	QEE16099.1, QEE16733.1	
OG0000964	QEE16101.1, QEE17069.1	
OG0000965	QEE16106.1	TXT57355.1
OG0000966	QEE16121.1, QEE17306.1	
OG0000967	QEE16129.1	TXT57444.1
OG0000968	QEE16138.1	TXT57492.1
OG0000969	QEE16153.1	TXT56866.1
OG0000970	QEE16155.1	TXT56871.1
OG0000971	QEE16160.1	TXT55691.1
OG0000972	QEE16170.1	TXT54381.1
OG0000973	QEE16171.1, QEE16172.1	
OG0000974	QEE16176.1	TXT57374.1
OG0000975	QEE16177.1, QEE16178.1	
OG0000976	QEE16183.1	TXT57002.1
OG0000977	QEE16184.1	TXT56586.1
OG0000978	QEE16185.1	TXT56588.1
OG0000979	QEE16186.1	TXT56716.1
OG0000980	QEE16194.1	TXT57843.1
OG0000981	QEE16195.1	TXT54573.1
OG0000982	QEE16200.1	TXT56714.1
OG0000983	QEE16204.1	TXT57479.1
OG0000984	QEE16208.1	TXT57627.1
OG0000985	QEE16210.1, QEE16211.1	
OG0000986	QEE16212.1	TXT56484.1
OG0000987	QEE16213.1	TXT56483.1
OG0000988	QEE16216.1	TXT56482.1
OG0000989	QEE16217.1	TXT56481.1
OG0000990	QEE16218.1, QEE17168.1	
OG0000991	QEE16219.1	TXT57779.1
OG0000992	QEE16222.1	TXT54808.1
OG0000993	QEE16224.1, QEE16225.1	
OG0000994	QEE16226.1	TXT54081.1
OG0000995	QEE16231.1	TXT54404.1
OG0000996	QEE16234.1	TXT57331.1
OG0000997	QEE16244.1, QEE17577.1	
OG0000998	QEE16246.1	TXT57767.1
OG0000999	QEE16249.1	TXT54115.1
OG0001000	QEE16253.1, QEE17430.1	
OG0001001	QEE16262.1	TXT56637.1
OG0001002	QEE16264.1	TXT54214.1
OG0001003	QEE16266.1	TXT57587.1
OG0001004	QEE16267.1	TXT57724.1
OG0001005	QEE16272.1	TXT56796.1
OG0001006	QEE16275.1, QEE17203.1	
OG0001007	QEE16277.1	TXT54891.1
OG0001008	QEE16278.1, QEE16285.1	
OG0001009	QEE16284.1, QEE16954.1	
OG0001010	QEE16286.1	TXT57713.1
OG0001011	QEE16296.1, QEE17779.1	
OG0001012	QEE16297.1, QEE17778.1	
OG0001013	QEE16301.1, QEE17771.1	
OG0001014	QEE16307.1, QEE17766.1	
OG0001015	QEE16308.1, QEE17765.1	
OG0001016	QEE16309.1, QEE17762.1	
OG0001017	QEE16310.1, QEE17759.1	
OG0001018	QEE16311.1, QEE17758.1	
OG0001019	QEE16312.1, QEE17757.1	
OG0001020	QEE16313.1, QEE17756.1	
OG0001021	QEE16316.1, QEE17754.1	
OG0001022	QEE16318.1, QEE17747.1	
OG0001023	QEE16319.1, QEE17746.1	
OG0001024	QEE16320.1, QEE17745.1	
OG0001025	QEE16322.1, QEE17743.1	
OG0001026	QEE16323.1, QEE17742.1	
OG0001027	QEE16324.1, QEE17741.1	
OG0001028	QEE16325.1, QEE17740.1	
OG0001029	QEE16326.1, QEE17739.1	
OG0001030	QEE16327.1, QEE17738.1	
OG0001031	QEE16328.1, QEE17736.1	
OG0001032	QEE16332.1, QEE17732.1	
OG0001033	QEE16333.1, QEE17731.1	
OG0001034	QEE16335.1, QEE17730.1	
OG0001035	QEE16338.1, QEE17729.1	
OG0001036	QEE16342.1, QEE17728.1	
OG0001037	QEE16346.1, QEE17723.1	
OG0001038	QEE16347.1, QEE16419.1	
OG0001039	QEE16348.1, QEE17721.1	
OG0001040	QEE16350.1	TXT56647.1
OG0001041	QEE16352.1	TXT57731.1
OG0001042	QEE16353.1	TXT56504.1
OG0001043	QEE16354.1	TXT53708.1
OG0001044	QEE16355.1	TXT53707.1
OG0001045	QEE16356.1	TXT53706.1
OG0001046	QEE16365.1	TXT55352.1
OG0001047	QEE16367.1	TXT55347.1
OG0001048	QEE16369.1	TXT55349.1
OG0001049	QEE16370.1	TXT55866.1
OG0001050	QEE16373.1	TXT57559.1
OG0001051	QEE16374.1	TXT56725.1
OG0001052	QEE16381.1, QEE16385.1	
OG0001053	QEE16388.1, QEE17859.1	
OG0001054	QEE16395.1, QEE17849.1	
OG0001055	QEE16405.1	TXT55904.1
OG0001056	QEE16406.1	TXT56634.1
OG0001057	QEE16408.1, QEE17689.1	
OG0001058	QEE16409.1, QEE16412.1	
OG0001059	QEE16442.1, QEE17645.1	
OG0001060	QEE16456.1	TXT57596.1
OG0001061	QEE16459.1, QEE16460.1	
OG0001062	QEE16464.1	TXT55345.1
OG0001063	QEE16465.1	TXT57792.1
OG0001064	QEE16471.1, QEE16472.1	
OG0001065	QEE16473.1	TXT57480.1
OG0001066	QEE16480.1	TXT57497.1
OG0001067	QEE16487.1	TXT54630.1
OG0001068	QEE16488.1	TXT54780.1
OG0001069	QEE16491.1	TXT56894.1
OG0001070	QEE16492.1	TXT56687.1
OG0001071	QEE16497.1	TXT55375.1
OG0001072	QEE16499.1	TXT57430.1
OG0001073	QEE16503.1	TXT56030.1
OG0001074	QEE16507.1, QEE18070.1	
OG0001075	QEE16509.1, QEE17811.1	
OG0001076	QEE16511.1	TXT55391.1
OG0001077	QEE16515.1	TXT57494.1
OG0001078	QEE16525.1, QEE17943.1	
OG0001079	QEE16532.1	TXT53750.1
OG0001080	QEE16533.1	TXT54137.1
OG0001081	QEE16534.1	TXT55136.1
OG0001082	QEE16557.1, QEE17823.1	
OG0001083	QEE16558.1, QEE17487.1	
OG0001084	QEE16585.1	TXT55413.1
OG0001085	QEE16587.1	TXT53818.1
OG0001086	QEE16589.1	TXT53819.1
OG0001087	QEE16599.1	TXT53994.1
OG0001088	QEE16603.1	TXT56869.1
OG0001089	QEE16605.1	TXT54940.1
OG0001090	QEE16630.1	TXT56803.1
OG0001091	QEE16636.1	TXT56496.1
OG0001092	QEE16641.1	TXT56513.1
OG0001093	QEE16653.1	TXT56631.1
OG0001094	QEE16654.1	TXT57449.1
OG0001095	QEE16656.1	TXT55845.1
OG0001096	QEE16660.1	TXT56728.1
OG0001097	QEE16664.1	TXT56648.1
OG0001098	QEE16673.1	TXT56073.1
OG0001099	QEE16675.1	TXT56100.1
OG0001100	QEE16676.1	TXT56103.1
OG0001101	QEE16680.1, QEE17822.1	
OG0001102	QEE16684.1, QEE17236.1	
OG0001103	QEE16685.1	TXT56678.1
OG0001104	QEE16690.1	TXT54789.1
OG0001105	QEE16692.1	TXT57391.1
OG0001106	QEE16694.1, QEE17245.1	
OG0001107	QEE16695.1	TXT56838.1
OG0001108	QEE16700.1	TXT56833.1
OG0001109	QEE16704.1	TXT55893.1
OG0001110	QEE16706.1	TXT56895.1
OG0001111	QEE16720.1	TXT55102.1
OG0001112	QEE16750.1	TXT56872.1
OG0001113	QEE16764.1	TXT57788.1
OG0001114	QEE16767.1, QEE16774.1	
OG0001115	QEE16771.1, QEE17864.1	
OG0001116	QEE16782.1, QEE17141.1	
OG0001117	QEE16783.1, QEE17122.1	
OG0001118	QEE16808.1	TXT54640.1
OG0001119	QEE16846.1, QEE16987.1	
OG0001120	QEE16851.1	TXT57039.1
OG0001121	QEE16854.1	TXT54591.1
OG0001122	QEE16872.1	TXT55749.1
OG0001123	QEE16873.1	TXT55750.1
OG0001124	QEE16874.1	TXT55751.1
OG0001125	QEE16875.1, QEE16877.1	
OG0001126	QEE16885.1, QEE17260.1	
OG0001127	QEE16887.1	TXT57490.1
OG0001128	QEE16890.1	TXT56130.1
OG0001129	QEE16891.1	TXT56897.1
OG0001130	QEE16892.1	TXT56890.1
OG0001131	QEE16898.1	TXT53745.1
OG0001132	QEE16920.1	TXT56850.1
OG0001133	QEE16921.1, QEE16922.1	
OG0001134	QEE16925.1, QEE16926.1	
OG0001135	QEE16933.1, QEE17300.1	
OG0001136	QEE16934.1	TXT55290.1
OG0001137	QEE16935.1	TXT57949.1
OG0001138	QEE16938.1	TXT57396.1
OG0001139	QEE16940.1	TXT54546.1
OG0001140	QEE16946.1	TXT54138.1
OG0001141	QEE16953.1, QEE17881.1	
OG0001142	QEE16976.1, QEE17389.1	
OG0001143	QEE16995.1	TXT55116.1
OG0001144	QEE16996.1, QEE17927.1	
OG0001145	QEE16997.1, QEE16998.1	
OG0001146	QEE17014.1	TXT56936.1
OG0001147	QEE17021.1, QEE17501.1	
OG0001148	QEE17032.1	TXT57037.1
OG0001149	QEE17038.1	TXT55676.1
OG0001150	QEE17047.1, QEE17429.1	
OG0001151	QEE17053.1	TXT54612.1
OG0001152	QEE17067.1, QEE17332.1	
OG0001153	QEE17075.1	TXT55998.1
OG0001154	QEE17087.1	TXT55167.1
OG0001155	QEE17097.1	TXT56054.1
OG0001156	QEE17099.1, QEE17148.1	
OG0001157	QEE17104.1, QEE17105.1	
OG0001158	QEE17118.1	TXT54560.1
OG0001159	QEE17126.1	TXT56809.1
OG0001160	QEE17127.1	TXT56810.1
OG0001161	QEE17132.1, QEE17782.1	
OG0001162	QEE17145.1	TXT56813.1
OG0001163	QEE17146.1	TXT54200.1
OG0001164	QEE17152.1	TXT56705.1
OG0001165	QEE17153.1	TXT56703.1
OG0001166	QEE17158.1	TXT55390.1
OG0001167	QEE17174.1	TXT55449.1
OG0001168	QEE17198.1, QEE17199.1	
OG0001169	QEE17211.1, QEE17212.1	
OG0001170	QEE17214.1	TXT54334.1
OG0001171	QEE17219.1	TXT54131.1
OG0001172	QEE17225.1	TXT57953.1
OG0001173	QEE17231.1, QEE17717.1	
OG0001174	QEE17248.1	TXT55183.1
OG0001175	QEE17253.1, QEE17639.1	
OG0001176	QEE17257.1, QEE17636.1	
OG0001177	QEE17259.1, QEE17638.1	
OG0001178	QEE17262.1	TXT56042.1
OG0001179	QEE17268.1	TXT55280.1
OG0001180	QEE17270.1	TXT57006.1
OG0001181	QEE17282.1, QEE17319.1	
OG0001182	QEE17301.1, QEE17955.1	
OG0001183	QEE17304.1	TXT54119.1
OG0001184	QEE17307.1	TXT54557.1
OG0001185	QEE17312.1, QEE17906.1	
OG0001186	QEE17316.1, QEE17317.1	
OG0001187	QEE17324.1	TXT55321.1
OG0001188	QEE17336.1, QEE17337.1	
OG0001189	QEE17340.1, QEE17463.1	
OG0001190	QEE17345.1	TXT54773.1
OG0001191	QEE17364.1	TXT57044.1
OG0001192	QEE17369.1	TXT56553.1
OG0001193	QEE17370.1	TXT57063.1
OG0001194	QEE17371.1	TXT55299.1
OG0001195	QEE17391.1	TXT56457.1
OG0001196	QEE17393.1	TXT54228.1
OG0001197	QEE17398.1	TXT55991.1
OG0001198	QEE17401.1	TXT57417.1
OG0001199	QEE17411.1	TXT54415.1
OG0001200	QEE17413.1	TXT55140.1
OG0001201	QEE17416.1	TXT56444.1
OG0001202	QEE17422.1	TXT55877.1
OG0001203	QEE17440.1	TXT57652.1
OG0001204	QEE17443.1	TXT55098.1
OG0001205	QEE17445.1	TXT57752.1
OG0001206	QEE17448.1	TXT54771.1
OG0001207	QEE17450.1	TXT54090.1
OG0001208	QEE17451.1	TXT54091.1
OG0001209	QEE17452.1	TXT56984.1
OG0001210	QEE17453.1	TXT56567.1
OG0001211	QEE17454.1	TXT56562.1
OG0001212	QEE17455.1	TXT56561.1
OG0001213	QEE17458.1	TXT56558.1
OG0001214	QEE17459.1	TXT56556.1
OG0001215	QEE17460.1	TXT56555.1
OG0001216	QEE17467.1	TXT57661.1
OG0001217	QEE17468.1	TXT57660.1
OG0001218	QEE17469.1	TXT55834.1
OG0001219	QEE17478.1	TXT53594.1
OG0001220	QEE17484.1, QEE17489.1	
OG0001221	QEE17497.1	TXT55936.1
OG0001222	QEE17503.1	TXT53742.1
OG0001223	QEE17507.1	TXT57650.1
OG0001224	QEE17517.1	TXT56777.1
OG0001225	QEE17538.1, QEE17936.1	
OG0001226	QEE17540.1	TXT56768.1
OG0001227	QEE17543.1	TXT56976.1
OG0001228	QEE17544.1	TXT56766.1
OG0001229	QEE17548.1	TXT56765.1
OG0001230	QEE17549.1	TXT56764.1
OG0001231	QEE17557.1	TXT55744.1
OG0001232	QEE17561.1	TXT55849.1
OG0001233	QEE17563.1	TXT56888.1
OG0001234	QEE17564.1	TXT56969.1
OG0001235	QEE17565.1	TXT56970.1
OG0001236	QEE17566.1	TXT55932.1
OG0001237	QEE17570.1, QEE17571.1	
OG0001238	QEE17572.1	TXT56973.1
OG0001239	QEE17573.1	TXT56972.1
OG0001240	QEE17582.1	TXT55672.1
OG0001241	QEE17583.1, QEE17588.1	
OG0001242	QEE17596.1	TXT56433.1
OG0001243	QEE17597.1	TXT56434.1
OG0001244	QEE17599.1	TXT57822.1
OG0001245	QEE17608.1, QEE18021.1	
OG0001246	QEE17615.1, QEE17616.1	
OG0001247	QEE17618.1	TXT56032.1
OG0001248	QEE17626.1	TXT57902.1
OG0001249	QEE17640.1	TXT55765.1
OG0001250	QEE17647.1	TXT56644.1
OG0001251	QEE17657.1	TXT55774.1
OG0001252	QEE17660.1	TXT56881.1
OG0001253	QEE17661.1	TXT57386.1
OG0001254	QEE17664.1	TXT55939.1
OG0001255	QEE17665.1	TXT55938.1
OG0001256	QEE17666.1	TXT57871.1
OG0001257	QEE17670.1	TXT54394.1
OG0001258	QEE17671.1	TXT56652.1
OG0001259	QEE17681.1, QEE17925.1	
OG0001260	QEE17683.1	TXT55138.1
OG0001261	QEE17684.1	TXT55139.1
OG0001262	QEE17701.1	TXT57384.1
OG0001263	QEE17706.1	TXT57789.1
OG0001264	QEE17749.1	TXT53834.1
OG0001265	QEE17791.1, QEE17794.1	
OG0001266	QEE17797.1	TXT57029.1
OG0001267	QEE17798.1	TXT56744.1
OG0001268	QEE17801.1	TXT54611.1
OG0001269	QEE17802.1	TXT56696.1
OG0001270	QEE17817.1	TXT57717.1
OG0001271	QEE17827.1	TXT57483.1
OG0001272	QEE17829.1	TXT56035.1
OG0001273	QEE17830.1	TXT56034.1
OG0001274	QEE17834.1	TXT57372.1
OG0001275	QEE17843.1	TXT56990.1
OG0001276	QEE17844.1	TXT55687.1
OG0001277	QEE17845.1	TXT55174.1
OG0001278	QEE17846.1	TXT55173.1
OG0001279	QEE17848.1	TXT54141.1
OG0001280	QEE17860.1	TXT57727.1
OG0001281	QEE17861.1	TXT57726.1
OG0001282	QEE17868.1, QEE17870.1	
OG0001283	QEE17874.1	TXT54387.1
OG0001284	QEE17882.1	TXT54820.1
OG0001285	QEE17897.1	TXT55817.1
OG0001286	QEE17898.1	TXT55891.1
OG0001287	QEE17900.1, QEE17953.1	
OG0001288	QEE17902.1	TXT57676.1
OG0001289	QEE17930.1, QEE17957.1	
OG0001290	QEE17931.1, QEE17958.1	
OG0001291	QEE17939.1	TXT54945.1
OG0001292	QEE17948.1	TXT55981.1
OG0001293	QEE17956.1, QEE18008.1	
OG0001294	QEE17961.1	TXT54636.1
OG0001295	QEE17964.1	TXT54618.1
OG0001296	QEE17968.1	TXT57026.1
OG0001297	QEE17969.1	TXT53938.1
OG0001298	QEE17970.1	TXT56717.1
OG0001299	QEE17971.1	TXT56719.1
OG0001300	QEE17974.1	TXT56911.1
OG0001301	QEE17981.1	TXT57793.1
OG0001302	QEE17982.1	TXT56912.1
OG0001303	QEE17983.1	TXT56913.1
OG0001304	QEE17984.1	TXT56721.1
OG0001305	QEE17985.1	TXT56720.1
OG0001306	QEE17989.1	TXT56951.1
OG0001307	QEE17991.1	TXT57858.1
OG0001308	QEE17994.1	TXT56063.1
OG0001309	QEE17998.1	TXT57516.1
OG0001310	QEE18012.1, QEE18014.1	
OG0001311	QEE18024.1	TXT57454.1
OG0001312	QEE18038.1	TXT55755.1
OG0001313	QEE18044.1	TXT56778.1
OG0001314	QEE18045.1	TXT56779.1
OG0001315	QEE18046.1	TXT56781.1
OG0001316	QEE18051.1	TXT55394.1
OG0001317	QEE18052.1	TXT55705.1
OG0001318	QEE18055.1	TXT56782.1
OG0001319	QEE18056.1	TXT56783.1
OG0001320	QEE18061.1, QEE18062.1	
OG0001321	QEE18066.1	TXT55805.1
OG0001322	QEE18071.1	TXT57739.1
OG0001323	QEE18092.1	TXT54327.1
OG0001324	QEE18102.1	TXT54760.1
OG0001325	QEE18103.1	TXT56808.1
OG0001326	QEE18105.1	TXT56837.1
OG0001327	QEE18109.1	TXT54846.1
OG0001328	QEE18116.1	TXT54819.1
OG0001329		TXT53566.1, TXT55209.1
OG0001330		TXT53567.1, TXT57581.1
OG0001331		TXT53623.1, TXT53635.1
OG0001332		TXT53813.1, TXT55641.1
OG0001333		TXT53815.1, TXT55643.1
OG0001334		TXT53816.1, TXT55654.1
OG0001335		TXT53822.1, TXT55435.1
OG0001336		TXT53829.1, TXT55662.1
OG0001337		TXT53928.1, TXT56916.1
OG0001338		TXT54084.1, TXT56791.1
OG0001339		TXT54111.1, TXT57910.1
OG0001340		TXT54118.1, TXT55634.1
OG0001341		TXT54124.1, TXT57800.1
OG0001342		TXT54132.1, TXT55994.1
OG0001343		TXT54219.1, TXT54220.1
OG0001344		TXT54227.1, TXT55323.1
OG0001345		TXT54229.1, TXT54230.1
OG0001346		TXT54242.1, TXT57694.1
OG0001347		TXT54245.1, TXT54246.1
OG0001348		TXT54341.1, TXT54342.1
OG0001349		TXT54347.1, TXT54348.1
OG0001350		TXT54349.1, TXT57447.1
OG0001351		TXT54353.1, TXT55195.1
OG0001352		TXT54354.1, TXT54356.1
OG0001353		TXT54363.1, TXT54594.1
OG0001354		TXT54370.1, TXT55698.1
OG0001355		TXT54400.1, TXT55268.1
OG0001356		TXT54508.1, TXT57730.1
OG0001357		TXT54519.1, TXT54520.1
OG0001358		TXT54548.1, TXT57917.1
OG0001359		TXT54578.1, TXT54579.1
OG0001360		TXT54588.1, TXT54593.1
OG0001361		TXT54590.1, TXT57914.1
OG0001362		TXT54624.1, TXT56606.1
OG0001363		TXT54639.1, TXT55305.1
OG0001364		TXT54666.1, TXT54967.1
OG0001365		TXT54751.1, TXT56836.1
OG0001366		TXT54793.1, TXT55717.1
OG0001367		TXT54795.1, TXT55716.1
OG0001368		TXT54802.1, TXT57903.1
OG0001369		TXT54804.1, TXT56450.1
OG0001370		TXT54809.1, TXT54810.1
OG0001371		TXT54814.1, TXT57330.1
OG0001372		TXT54817.1, TXT54907.1
OG0001373		TXT54865.1, TXT54866.1
OG0001374		TXT54868.1, TXT55261.1
OG0001375		TXT54886.1, TXT55354.1
OG0001376		TXT54894.1, TXT55798.1
OG0001377		TXT54898.1, TXT55388.1
OG0001378		TXT54900.1, TXT56760.1
OG0001379		TXT54922.1, TXT55957.1
OG0001380		TXT55156.1, TXT57778.1
OG0001381		TXT55169.1, TXT55172.1
OG0001382		TXT55170.1, TXT55852.1
OG0001383		TXT55190.1, TXT57389.1
OG0001384		TXT55208.1, TXT57499.1
OG0001385		TXT55225.1, TXT57745.1
OG0001386		TXT55289.1, TXT57388.1
OG0001387		TXT55292.1, TXT55734.1
OG0001388		TXT55302.1, TXT55912.1
OG0001389		TXT55334.1, TXT57458.1
OG0001390		TXT55350.1, TXT55351.1
OG0001391		TXT55402.1, TXT55403.1
OG0001392		TXT55405.1, TXT55686.1
OG0001393		TXT55441.1, TXT56960.1
OG0001394		TXT55444.1, TXT55445.1
OG0001395		TXT55622.1, TXT57681.1
OG0001396		TXT55714.1, TXT57900.1
OG0001397		TXT55720.1, TXT57573.1
OG0001398		TXT55727.1, TXT55728.1
OG0001399		TXT55772.1, TXT56591.1
OG0001400		TXT55773.1, TXT56590.1
OG0001401		TXT55786.1, TXT55840.1
OG0001402		TXT55803.1, TXT57442.1
OG0001403		TXT55842.1, TXT56413.1
OG0001404		TXT55868.1, TXT56475.1
OG0001405		TXT55930.1, TXT57463.1
OG0001406		TXT55953.1, TXT57525.1
OG0001407		TXT55987.1, TXT57472.1
OG0001408		TXT55996.1, TXT57427.1
OG0001409		TXT56052.1, TXT57823.1
OG0001410		TXT56084.1, TXT56086.1
OG0001411		TXT56415.1, TXT56425.1
OG0001412		TXT56424.1, TXT57951.1
OG0001413		TXT56529.1, TXT56707.1
OG0001414		TXT56542.1, TXT57829.1
OG0001415		TXT56587.1, TXT56950.1
OG0001416		TXT56657.1, TXT56769.1
OG0001417		TXT56770.1, TXT56771.1
OG0001418		TXT56876.1, TXT57025.1
OG0001419		TXT56945.1, TXT57589.1
OG0001420		TXT56965.1, TXT57394.1
OG0001421		TXT57042.1, TXT57416.1
OG0001422		TXT57312.1, TXT57318.1
OG0001423		TXT57359.1, TXT57360.1
OG0001424		TXT57403.1, TXT57406.1
OG0001425		TXT57460.1, TXT57462.1
OG0001426		TXT57467.1, TXT57527.1
OG0001427		TXT57477.1, TXT57478.1
OG0001428		TXT57510.1, TXT57511.1
OG0001429		TXT57561.1, TXT57563.1
OG0001430		TXT57666.1, TXT57670.1
OG0001431		TXT57667.1, TXT57671.1
OG0001432		TXT57804.1, TXT57805.1
