,Kingdom,Clade
I3213,2,1783272
I2844,2,1783272
I3315,2,1783272
I4073,2,1224
I3596,2,1783272
I3459,2,1783272
I3756,2,1783272
I2770,2,1783272
I3489,2,1224
I1206,2,1783272
I3926,2,1783272
I2024,2,1783272
I756,2,1783272
I1491,2,1224
I3642,2,1783272
I2050,2,1783272
I164,2,1224
I610,2,1224
I1120,2,1783272
I205,2,1224
I2824,2,1783272
I2136,2,1783272
I256,2,1783272
I3008,2,1224
I3780,2,1783272
I518,2,1224
I1760,2,1783272
I210,2,1224
I725,2,1224
I2201,2,1224
I1285,2,508458
I3766,2,1783272
I3888,2,1783272
I3791,2,1224
I225,2,1224
I206,2,1224
I785,2,1224
I2250,2,1783272
I2928,2,1783272
I1250,2,1783272
I2819,2,1783272
I2675,2,203691
I3712,2,1224
I333,2,1224
I124,2,1224
I2759,2,1783272
I3437,2,29547
I274,2,1224
I1022,2,1783272
I185,2,1783272
I269,2,1224
I2152,2,1783272
I546,2,1224
I3341,2,1224
I2676,2,203691
I4039,2,1224
I184,2,1783272
I2626,2,1783272
I1090,2,1224
I1645,2,1783272
I3443,2,1783272
I273,2,1224
I2172,2,1224
I1620,2,1224
I3958,2,1783272
I3543,2,1783272
I2341,2,1783272
I674,2,1224
I218,2,1224
I1863,2,1783270
I926,2,1783272
I1061,2,1783270
I2407,2,1783272
I2086,2,32066
I2953,2,1783272
I175,2,1224
I1032,2,1783272
I1329,2,1783272
I3675,2,1783272
I481,2,1783272
I1689,2,1783270
I1509,2,1783272
I1609,2,1783272
I2370,2,1783272
I2531,2,1783272
I2591,2,1224
I3062,2,1783272
I3564,2,1783272
I3915,2,1224
I2957,2,1783272
I2555,2,1783272
I830,2,1224
I669,2,1783272
I3010,2,1224
I3337,2,1224
I422,2,1224
I2521,2,1783272
I490,2,1783272
I532,2,1224
I3738,2,1783272
I1114,2,1783272
I3196,2,1224
I1649,2,1783272
I2192,2,1224
I2237,2,1783272
I2325,2,1783272
I1109,2,29547
I4005,2,1224
I4026,2,1224
I419,2,1224
I2180,2,1783272
I3342,2,1224
I2216,2,1783272
I3535,2,1783270
I3522,2,1783272
I1906,2,1783272
I895,2,1224
I1142,2,1783272
I758,2,1224
I1897,2,200940
I291,2,1224
I1676,2,1783272
I2537,2,1783272
I153,2,1224
I2662,2,1783272
I1370,2,1783272
I2182,2,1224
I1055,2,1783270
I3263,2,1783272
I833,2,29547
I585,2,1224
I1594,2,1783272
I827,2,1783272
I2671,2,1783270
I2283,2,32066
I3677,2,1783272
I2064,2,1783270
I214,2,1224
I3250,2,1783270
I3950,2,1783272
I3289,2,1783272
I2072,2,200940
I2242,2,1783272
I464,2,1224
I2353,2,1783272
I1812,2,1224
I3644,2,1783272
I1292,2,1224
I3638,2,1783272
I2787,2,1224
I1454,2,1783272
I237,2,1783270
I3240,2,1783270
I3967,2,1224
I991,2,1224
I718,2,1224
I2598,2,1224
I1097,2,1783272
I1688,2,1783270
I999,2,1783272
I1012,2,29547
I150,2,1224
I1178,2,1224
I1354,2,1783272
I2468,2,203691
I765,2,1224
I3066,2,1783272
I2990,2,1783272
I2767,2,1783272
I3689,2,1783272
I2778,2,1783272
I3323,2,1783272
I279,2,1224
I2479,2,32066
I938,2,1224
I2923,2,1783272
I2692,2,1783270
I2088,2,200940
I3360,2,1224
I3110,2,1783272
I2461,2,1783270
I1463,2,1783272
I3423,2,1783272
I3466,2,1783272
I3625,2,1783272
I3759,2,29547
I3086,2,1783270
I1387,2,1783270
I3215,2,1783272
I534,2,1224
I2061,2,1783270
I1644,2,1783272
I1700,2,200940
I615,2,1224
I3149,2,1783272
I3668,2,29547
I93,2,1224
I2895,2,200940
I3013,2,1224
I65,2,1224
I312,2,1783257
I3462,2,1783272
I625,2,1224
I2385,2,1224
I1064,2,203691
I346,2,1224
I2586,2,1224
I277,2,1224
I186,2,1783272
I747,2,1783272
I2607,2,1224
I1135,2,1224
I2463,2,1783270
I645,2,1224
I3432,2,1783272
I445,2,1224
I3145,2,1783272
I2405,2,1783272
I3863,2,1224
I2727,2,1783272
I905,2,1783272
I2952,2,1783272
I45,2,1783270
I480,2,1783272
I356,2,1224
I1652,2,1783272
I1315,2,1783272
I193,2,57723
I2010,2,1783272
I3229,2,1783272
I4058,2,1224
I2332,2,29547
I3007,2,1224
I535,2,1224
I1492,2,1783272
I3829,2,1783270
I1185,2,1224
I2713,2,1783272
I667,2,1783272
I3698,2,1783272
I3465,2,1783272
I3581,2,1783272
I3608,2,1224
I3883,2,1783272
I2842,2,1783272
I1749,2,29547
I1073,2,1224
I1608,2,1783272
I1804,2,1224
I1054,2,1783272
I1956,2,1783272
I2967,2,1783272
I2091,2,200940
I3161,2,1783272
I494,2,1783272
I1866,2,1783270
I3166,2,1783272
I1575,2,1783272
I773,2,1783257
I1330,2,1783257
I89,2,1224
I3824,2,1783272
I752,2,1224
I1153,2,1783272
I2885,2,1783270
I266,2,1224
I3700,2,1783272
I1562,2,508458
I2487,2,1783270
I227,2,1224
I1574,2,1224
I2852,2,1783272
I1995,2,1224
I389,2,1224
I1630,2,1224
I743,2,1783272
I319,2,1783272
I526,2,1224
I570,2,1224
I660,2,1224
I2615,2,1783272
I3501,2,1783272
I1346,2,1783272
I3773,2,1783272
I3552,2,1783272
I3468,2,1783272
I1375,2,1783272
I3794,2,1224
I1415,2,1783272
I806,2,1224
I1751,2,29547
I826,2,1783272
I1401,2,29547
I1191,2,1783272
I2360,2,1783272
I2947,2,1783272
I3473,2,1783272
I4012,2,1224
I1907,2,200918
I3623,2,1783272
I181,2,1783272
I2453,2,1783272
I199,2,1224
I1002,2,1783272
I3256,2,1783270
I3539,2,1783272
I782,2,1224
I1103,2,1783272
I1561,2,508458
I2596,2,1224
I3296,2,1783272
I3493,2,1224
I3612,2,1224
I3734,2,1783272
I170,2,1224
I662,2,1224
I663,2,1224
I24,2,1224
I1532,2,1783270
I1827,2,1783272
I2320,2,1783272
I2951,2,1783272
I3364,2,1783272
I2334,2,1783272
I1616,2,1224
I2893,2,32066
I3366,2,1783272
I1632,2,1224
I1690,2,1783270
I3076,2,1783270
I3112,2,1783272
I3574,2,1783272
I888,2,1224
I1345,2,1224
I879,2,1224
I4066,2,1224
I618,2,1224
I1237,2,1783272
I2163,2,1224
I2832,2,1783272
I540,2,1224
I3091,2,1783270
I787,2,1224
I1902,2,1783270
I3142,2,1783272
I1772,2,1783272
I2583,2,1224
I2235,2,1783272
I3416,2,1783272
I1593,2,1783272
I1756,2,1783272
I3823,2,1783272
I1400,2,1783272
I1034,2,1224
I2527,2,1783272
I3338,2,1224
I4027,2,1224
I3647,2,1783270
I3191,2,1224
I4022,2,1224
I1479,2,1224
I1778,2,1224
I86,2,1224
I2109,2,1783272
I2597,2,1224
I1416,2,1783272
I3140,2,1783272
I3204,2,1783272
I1038,2,1224
I874,2,1224
I2338,2,1783272
I3882,2,1783272
I2518,2,1783272
I2624,2,1783272
I3328,2,1783272
I686,2,1783272
I880,2,1224
I3427,2,1783272
I978,2,1224
I2979,2,1783272
I3726,2,1224
I1058,2,1783270
I1780,2,1224
I1189,2,1224
I3131,2,1783272
I10,2,1224
I4015,2,1224
I3092,2,1783270
I1602,2,1783272
I1371,2,1783272
I1912,2,1783272
I2682,2,1783272
I1733,2,1783272
I2161,2,1783272
I2908,2,200918
I3193,2,1224
I2704,2,1783272
I3627,2,1783272
I1851,2,1783272
I84,2,1224
I2140,2,1783272
I2226,2,1783272
I2359,2,1783272
I1263,2,1783272
I2793,2,1224
I3845,2,1783272
I1862,2,1783270
I3875,2,1783272
I3852,2,1224
I2455,2,1783270
I355,2,1224
I3682,2,1783272
I3446,2,1783272
I3061,2,1783272
I380,2,1224
I2276,2,200940
I2093,2,200940
I2672,2,1783270
I3629,2,1783272
I1174,2,508458
I1633,2,1224
I4020,2,1224
I1520,2,1783272
I1894,2,200940
I2904,2,1783270
I1752,2,1783272
I761,2,1224
I3405,2,1783270
I1590,2,1783272
I1547,2,1783272
I1543,2,200938
I3718,2,1224
I2204,2,1783272
I3762,2,1783272
I1277,2,1783272
I3045,2,1783272
I3068,2,1783270
I3616,2,1783272
I1585,2,29547
I3183,2,1224
I1822,2,1783272
I2477,2,32066
I4041,2,1224
I666,2,1783272
I4023,2,1224
I183,2,1783272
I332,2,2138240
I308,2,1783270
I1430,2,1783272
I2377,2,1224
I1238,2,1783272
I76,2,1224
I2579,2,1224
I166,2,1224
I116,2,1224
I3377,2,1783272
I2219,2,1783272
I2113,2,1783272
I557,2,1224
I636,2,1224
I676,2,1224
I1280,2,29547
I1317,2,1783272
I2724,2,1783272
I1627,2,1224
I845,2,1783272
I1720,2,1783270
I1166,2,203691
I2665,2,1783270
I460,2,1224
I314,2,1783272
I1867,2,1783270
I3927,2,1783272
I866,2,1224
I1842,2,1783272
I3687,2,1783272
I2533,2,1783272
I1940,2,1783272
I2238,2,1783272
I3174,2,1224
I2400,2,1783272
I2789,2,1224
I712,2,1224
I2808,2,1224
I3178,2,1224
I3906,2,1224
I2906,2,200918
I1721,2,508458
I49,2,1224
I2539,2,1783272
I3121,2,1783272
I1272,2,1783270
I2991,2,1224
I3864,2,1224
I3591,2,1783272
I1850,2,1783272
I797,2,1224
I793,2,1224
I1624,2,1224
I1011,2,1224
I3241,2,1783270
I415,2,1224
I2590,2,1224
I1699,2,200938
I3600,2,1224
I189,2,1783257
I1816,2,1783272
I1468,2,1224
I2874,2,1783272
I970,2,1224
I3760,2,29547
I2469,2,200930
I2999,2,1224
I2389,2,1224
I2695,2,1783270
I62,2,1224
I523,2,1224
I2801,2,1224
I3236,2,1783270
I3322,2,1783272
I2538,2,1783272
I798,2,1224
I3817,2,1783272
I2519,2,1783272
I3640,2,1783272
I656,2,1224
I1610,2,1224
I1738,2,1783272
I1366,2,1783272
I1671,2,1783272
I1519,2,1783272
I3411,2,1783270
I3044,2,1783272
I2785,2,1783272
I946,2,1783272
I4010,2,1224
I933,2,1783257
I3651,2,1783270
I3610,2,1224
I1597,2,1783272
I2005,2,1783272
I2912,2,1783272
I2529,2,1783272
I3719,2,1224
I1226,2,1224
I3379,2,1783272
I235,2,1783257
I3027,2,1783272
I899,2,1224
I1507,2,49928
I1544,2,1783272
I597,2,1783272
I393,2,1783272
I890,2,1224
I1431,2,1783272
I1736,2,1783272
I2749,2,1783272
I3266,2,1783272
I3481,2,1224
I1123,2,1783272
I1796,2,1224
I1923,2,1783272
I207,2,1224
I2411,2,1783272
I2916,2,1783272
I4051,2,1224
I2962,2,1783272
I898,2,1224
I2716,2,1783272
I634,2,1224
I1418,2,1224
I1531,2,1783270
I283,2,1224
I498,2,1224
I799,2,1224
I1311,2,29547
I417,2,1224
I2734,2,1783272
I3922,2,1783272
I1870,2,203691
I1428,2,1783272
I2133,2,1783272
I3826,2,1783272
I918,2,29547
I262,2,1224
I1678,2,1783272
I2782,2,1224
I3056,2,1783272
I1035,2,1224
I1133,2,1224
I171,2,57723
I3679,2,1783272
I1288,2,1783272
I431,2,1224
I1165,2,1783270
I2800,2,1224
I4004,2,1783272
I1068,2,508458
I1831,2,1783272
I2168,2,1224
I3599,2,1224
I320,2,1783272
I3914,2,1224
I3431,2,1783272
I1971,2,1224
I3730,2,1783272
I3735,2,1783272
I1197,2,1224
I2863,2,1783272
I2894,2,200940
I2722,2,1783272
I3120,2,1783272
I3095,2,200918
I3934,2,1783272
I1881,2,1783272
I794,2,1224
I2178,2,1224
I2507,2,1783272
I2709,2,1783272
I1552,2,32066
I703,2,1224
I1582,2,1783272
I1722,2,508458
I2220,2,1783272
I151,2,1224
I661,2,1224
I3874,2,1783272
I91,2,1224
I1972,2,1224
I1220,2,1783272
I2582,2,1783272
I744,2,1783272
I1820,2,1783272
I2882,2,1783270
I2985,2,1224
I1660,2,1783272
I1784,2,2818505
I2265,2,1783270
I1056,2,57723
I3016,2,1224
I3673,2,1783272
I1407,2,1783270
I3550,2,1783272
I3866,2,1224
I82,2,1224
I2541,2,1783272
I1730,2,1783272
I3385,2,1783272
I788,2,1224
I3717,2,1224
I1549,2,29547
I3482,2,1224
I85,2,1224
I2098,2,1783272
I1397,2,1783272
I1156,2,1783272
I3211,2,1783272
I893,2,1224
I3028,2,1783272
I886,2,1224
I1046,2,1224
I642,2,1224
I2303,2,200918
I3517,2,1783272
I370,2,1224
I435,2,1224
I3566,2,1783272
I1017,2,1783272
I2628,2,1783272
I3043,2,1783272
I2106,2,1783272
I3586,2,1783272
I2436,2,1783272
I2870,2,1783272
I1658,2,1783272
I3124,2,1783272
I286,2,1224
I1825,2,1783272
I3065,2,1783272
I3993,2,1224
I1269,2,1783270
I3530,2,1783270
I2433,2,1783272
I165,2,1224
I1039,2,1783272
I2062,2,1783270
I2126,2,1783272
I927,2,1783272
I179,2,1224
I294,2,1224
I1950,2,1783272
I1724,2,1783272
I2202,2,1224
I598,2,1783270
I775,2,1224
I924,2,1783272
I2434,2,1783272
I1091,2,1224
I1195,2,1783272
I3447,2,1783272
I1202,2,1783272
I2189,2,1224
I2416,2,1783272
I178,2,1783257
I1681,2,1783272
I1440,2,29547
I1761,2,1783272
I1774,2,1783272
I2171,2,1224
I1892,2,32066
I2260,2,1783270
I1840,2,1783272
I2371,2,1783272
I2474,2,1783272
I3750,2,1783272
I3804,2,1224
I3741,2,1783272
I3895,2,1783272
I4054,2,1224
I1887,2,29547
I2458,2,1783270
I1268,2,1783270
I818,2,1783272
I639,2,1224
I1603,2,1783272
I2031,2,1783272
I2089,2,200940
I296,2,1224
I1274,2,203691
I38,2,1224
I1403,2,32066
I3046,2,1783272
I3671,2,1783272
I3094,2,1783270
I1824,2,1783272
I386,2,1783270
I766,2,1224
I297,2,1224
I1655,2,1783272
I2299,2,1783272
I249,2,1783257
I556,2,1224
I3115,2,1783272
I1369,2,1783272
I524,2,1224
I1777,2,1224
I395,2,1783272
I2677,2,203691
I1262,2,1783272
I2440,2,1783272
I1489,2,1224
I1626,2,1224
I921,2,29547
I1731,2,1783272
I1108,2,29547
I710,2,1224
I2213,2,1783272
I1384,2,1783270
I3412,2,1783270
I3471,2,1783272
I982,2,1224
I3905,2,1224
I4011,2,1224
I1409,2,508458
I3254,2,1783270
I577,2,1783272
I1558,2,1783270
I2132,2,29547
I3467,2,1783272
I3637,2,1783272
I2741,2,1783272
I2562,2,1783272
I1380,2,1783270
I3520,2,1783272
I3898,2,1783272
I2396,2,1224
I3403,2,1783270
I134,2,1783272
I1904,2,1783272
I823,2,1783272
I2029,2,1783272
I128,2,1224
I1861,2,1783270
I2625,2,1783272
I3021,2,1783272
I3674,2,1783272
I1131,2,1224
I907,2,1783272
I1947,2,1783272
I362,2,1224
I913,2,1783272
I3348,2,1224
I2632,2,1783272
I1003,2,1783272
I3708,2,1224
I2272,2,203691
I2304,2,1783272
I2745,2,1783272
I2825,2,1783272
I681,2,1783257
I745,2,1783272
I3237,2,1783270
I3221,2,1783272
I28,2,1783270
I2955,2,1783272
I1874,2,200938
I1300,2,1783272
I1586,2,29547
I583,2,1783272
I3085,2,1783270
I2409,2,1783272
I3942,2,1224
I2836,2,1783272
I2107,2,1783272
I2103,2,200918
I3752,2,1783270
I3799,2,1224
I3844,2,1783272
I156,2,1224
I887,2,1224
I1116,2,1783272
I1118,2,1783272
I3957,2,1783272
I1746,2,1783272
I2543,2,1783272
I3071,2,1783270
I910,2,1783272
I1279,2,1783272
I2121,2,1783272
I2862,2,1783272
I3828,2,1783270
I613,2,1224
I1706,2,1783272
I2506,2,1783272
I3413,2,1783270
I272,2,1224
I148,2,1224
I3779,2,1783272
I993,2,1224
I2412,2,1783272
I2970,2,1783272
I2754,2,1783272
I3537,2,1783270
I2078,2,1783272
I3769,2,1783272
I709,2,1224
I3785,2,1224
I2608,2,1783272
I2710,2,1783272
I1955,2,1783272
I69,2,1783272
I812,2,1224
I2950,2,1783272
I1475,2,1224
I568,2,1224
I1242,2,1783272
I3949,2,1783272
I515,2,1224
I3077,2,1783270
I36,2,1224
I3390,2,1783270
I4019,2,1224
I3339,2,1224
I1448,2,1783272
I1928,2,1783272
I2026,2,1783272
I1000,2,1783272
I1572,2,1224
I2115,2,1783272
I1744,2,1783272
I258,2,1783270
I3031,2,1783272
I623,2,1224
I1323,2,1783272
I1852,2,1783272
I3251,2,1783270
I3381,2,1783272
I2185,2,1224
I3772,2,1783272
I2544,2,1783272
I1801,2,1224
I2653,2,1783272
I3457,2,1783272
I1622,2,1783272
I3669,2,29547
I3122,2,1783272
I2915,2,1783272
I1273,2,203691
I78,2,1224
I3659,2,1783272
I4024,2,1224
I1673,2,1783272
I1839,2,1783272
I182,2,1783272
I1478,2,1224
I635,2,1224
I1343,2,1224
I3192,2,1224
I3165,2,1783272
I614,2,1224
I1383,2,1783270
I3821,2,1783272
I1668,2,1783272
I3768,2,1783272
I1159,2,1783272
I2840,2,1783272
I2747,2,1783272
I1413,2,1783272
I873,2,1224
I1592,2,1783272
I2604,2,1224
I2841,2,1783272
I441,2,1224
I2295,2,1783272
I1245,2,1783272
I2937,2,1783272
I2495,2,1783272
I658,2,1224
I2639,2,1783272
I988,2,1224
I1194,2,1783272
I1696,2,1783272
I3069,2,1783270
I2850,2,1783272
I3559,2,1783272
I478,2,1224
I2589,2,1224
I2391,2,1224
I935,2,1783272
I3019,2,1224
I732,2,1224
I2345,2,1783272
I2795,2,1224
I1691,2,1783270
I796,2,1224
I3782,2,1783272
I1665,2,1783272
I586,2,1783272
I3295,2,1783272
I95,2,1783270
I3093,2,1783270
I1670,2,1783272
I1800,2,1224
I2667,2,1783270
I1705,2,1783272
I3695,2,1783272
I841,2,1783272
I3219,2,1783272
I2993,2,1224
I2055,2,1783270
I1642,2,1224
I3393,2,1783270
I1480,2,1224
I908,2,1783272
I2162,2,1783272
I1207,2,1783272
I1765,2,1783272
I627,2,1224
I2483,2,200940
I1841,2,1783272
I2818,2,1783272
I4083,2,1224
I2108,2,1783272
I591,2,1224
I1961,2,1783272
I2911,2,1783272
I106,2,1224
I1550,2,29547
I1256,2,1783272
I37,2,1224
I2350,2,1783272
I1239,2,1224
I363,2,1224
I3624,2,1783272
I678,2,1783272
I816,2,1224
I1182,2,1224
I3800,2,1224
I2698,2,200918
I3696,2,1783272
I1115,2,1783272
I403,2,1783272
I2719,2,1783272
I2649,2,1783272
I2752,2,1783272
I2806,2,1224
I2406,2,1783272
I1306,2,1783272
I1281,2,32066
I245,2,1783272
I1326,2,1783272
I2410,2,1783272
I2966,2,1783272
I3352,2,1224
I200,2,1224
I2899,2,1783270
I56,2,1224
I1461,2,1783272
I857,2,1783272
I2164,2,1224
I2859,2,1783272
I340,2,1224
I479,2,1783272
I2046,2,1783272
I3650,2,1783270
I126,2,57723
I3830,2,29547
I3919,2,1783272
I470,2,1224
I399,2,1783272
I1739,2,1783272
I3658,2,1783272
I1864,2,1783270
I1693,2,1783270
I815,2,1224
I1734,2,1783272
I1779,2,1224
I3645,2,1783272
I3676,2,1783272
I828,2,1783272
I837,2,1783272
I620,2,1224
I1137,2,1783272
I458,2,1224
I2043,2,1783272
I3947,2,1224
I2645,2,1783272
I241,2,1783272
I3164,2,1783272
I711,2,1224
I1948,2,1783272
I2618,2,1783272
I548,2,1224
I1973,2,1224
I372,2,1224
I3177,2,1224
I3200,2,1224
I1062,2,203691
I3354,2,1224
I304,2,1224
I1465,2,1224
I3815,2,1783272
I2974,2,1783272
I3577,2,1783272
I3907,2,1224
I1037,2,1224
I1100,2,1783272
I1353,2,1783272
I2764,2,1783272
I3966,2,1224
I3170,2,1783272
I1707,2,29547
I3731,2,1783272
I3563,2,1783272
I983,2,1224
I3026,2,1783272
I376,2,1224
I3916,2,1224
I1476,2,1224
I1821,2,1783272
I1621,2,1783272
I1390,2,203691
I2610,2,1783272
I3930,2,1783272
I976,2,1224
I3929,2,1783272
I531,2,1224
I2565,2,1783272
I3667,2,29547
I1146,2,1783272
I912,2,1783272
I3055,2,1783272
I472,2,1224
I1888,2,29547
I438,2,1224
I2373,2,1224
I1654,2,1783272
I2174,2,1224
I3216,2,1783272
I2210,2,1783272
I2451,2,1783272
I2945,2,1783272
I1324,2,1783272
I2708,2,1783272
I3868,2,1224
I851,2,1783272
I1385,2,1783270
I2655,2,1783272
I3763,2,1783272
I3613,2,1224
I1663,2,1783272
I3050,2,1783272
I1186,2,1224
I626,2,1224
I74,2,1224
I1794,2,1224
I3176,2,1224
I726,2,1224
I2193,2,1224
I253,2,57723
I2466,2,203691
I3655,2,1783272
I4047,2,1224
I920,2,29547
I2786,2,1783272
I1338,2,1224
I2039,2,1783272
I1613,2,1224
I1027,2,1783257
I1441,2,29547
I980,2,1224
I1806,2,1224
I2864,2,1783272
I1847,2,1783272
I698,2,1224
I1442,2,29547
I519,2,1224
I2306,2,1783272
I1212,2,1783272
I2815,2,1224
I1717,2,200940
I2223,2,1783272
I1080,2,1224
I1757,2,1783272
I2087,2,32066
I2728,2,1783272
I3554,2,1783272
I3770,2,1783272
I2652,2,1783272
I2869,2,1783272
I2588,2,1224
I3670,2,29547
I3210,2,1783272
I3716,2,1224
I2215,2,1783272
I2261,2,1783270
I1234,2,1224
I2372,2,1783272
I3990,2,1783272
I760,2,1783257
I1217,2,1783257
I2609,2,1783272
I1703,2,1783272
I2431,2,1783272
I3630,2,1783272
I2513,2,1783272
I835,2,1783272
I3833,2,1783272
I3983,2,1224
I2052,2,1783272
I3836,2,1783272
I2351,2,1783272
I1583,2,1783272
I2512,2,1783272
I3515,2,1783272
I1750,2,29547
I459,2,1224
I448,2,1224
I1523,2,1783272
I300,2,1224
I783,2,1224
I878,2,1224
I3598,2,1224
I1601,2,1783272
I3802,2,1224
I3847,2,1783272
I3855,2,1224
I3406,2,1783270
I1252,2,1783272
I2139,2,1783272
I1980,2,1224
I2766,2,1783272
I278,2,1224
I2856,2,1783272
I550,2,1224
I2277,2,200940
I195,2,1783272
I2994,2,1224
I1647,2,1783272
I1587,2,29547
I3656,2,1783272
I3106,2,1783272
I201,2,1224
I638,2,1224
I1989,2,1224
I2217,2,1783272
I917,2,1224
I2627,2,1783272
I1179,2,1224
I246,2,1783272
I2369,2,1783272
I646,2,1224
I130,2,1224
I4006,2,1224
I1819,2,1783272
I665,2,1783272
I321,2,1783272
I3827,2,1783270
I632,2,1224
I202,2,1224
I1899,2,200940
I1555,2,200940
I3271,2,1783272
I3388,2,1783272
I3803,2,1224
I467,2,1224
I1884,2,1783272
I803,2,1224
I3291,2,1783272
I3777,2,1783272
I772,2,1783272
I2460,2,1783270
I1979,2,1783272
I528,2,1224
I791,2,1224
I3220,2,1783272
I3274,2,1783272
I3923,2,1783272
I405,2,1224
I943,2,1783272
I2432,2,1783272
I3392,2,1783270
I985,2,1224
I994,2,1783270
I73,2,1224
I2900,2,1783270
I486,2,1783272
I1541,2,1783272
I2057,2,1783270
I3570,2,1783272
I2755,2,1783272
I1953,2,1783272
I2965,2,1783272
I1249,2,1783272
I3272,2,1783272
I517,2,1224
I923,2,1783272
I1788,2,1224
I50,2,1224
I516,2,1224
I1107,2,1224
I3745,2,1783272
I379,2,1224
I1332,2,1224
I989,2,1224
I2584,2,1224
I551,2,1224
I3952,2,1783272
I2001,2,1224
I4008,2,1224
I4050,2,1224
I3148,2,1783272
I955,2,1783272
I2263,2,1783270
I4076,2,1224
I3463,2,1783272
I3141,2,1783272
I3389,2,1783272
I3790,2,1224
I824,2,1783272
I1619,2,1224
I2812,2,1224
I2471,2,200940
I2773,2,1783272
I821,2,1783272
I3818,2,1783272
I3568,2,1783272
I285,2,1224
I3764,2,1783272
I2170,2,1224
I2641,2,1783272
I3867,2,1224
I3280,2,1783272
I358,2,1224
I2854,2,1783272
I385,2,1224
I3195,2,1224
I2036,2,1783272
I2659,2,1783272
I541,2,1224
I865,2,1224
I1932,2,29547
I348,2,1224
I3720,2,1224
I1546,2,49928
I1786,2,1224
I2375,2,1224
I1817,2,1783272
I476,2,1783270
I1657,2,49928
I466,2,1224
I138,2,1783272
I2208,2,1783272
I2918,2,1783272
I2312,2,1783272
I3504,2,1783272
I3049,2,1783272
I724,2,1224
I260,2,2138240
I1452,2,1783272
I2707,2,1783272
I3134,2,1783272
I3269,2,1783272
I2467,2,203691
I945,2,1783272
I1900,2,1783270
I3260,2,1783270
I110,2,1224
I2865,2,1783272
I2117,2,1783272
I1086,2,1224
I2296,2,1783272
I2725,2,1783272
I1481,2,1224
I2940,2,1783272
I3765,2,1783272
I172,2,2818505
I1214,2,1783272
I3693,2,1783272
I1860,2,1783270
I2000,2,1224
I1753,2,1783272
I234,2,1224
I3516,2,1783272
I2273,2,203691
I2774,2,1783272
I3246,2,1783270
I949,2,1783272
I1350,2,1783272
I2971,2,1783272
I840,2,1783272
I3036,2,1783272
I2374,2,1224
I3573,2,1783272
I48,2,2138240
I434,2,1224
I1813,2,1783272
I2564,2,1783272
I2886,2,1783270
I664,2,1224
I3475,2,1783272
I2636,2,1783272
I2954,2,1783272
I1009,2,29547
I1782,2,1224
I1898,2,200940
I2021,2,1783272
I2983,2,1224
I3074,2,1783270
I2813,2,1224
I1162,2,1783270
I574,2,1783272
I1429,2,1783272
I3747,2,1783272
I1521,2,1783272
I3972,2,1783272
I730,2,1224
I2685,2,32066
I1099,2,1783272
I1063,2,57723
I3455,2,1783272
I226,2,1224
I244,2,1783272
I952,2,1783270
I897,2,1224
I629,2,1224
I307,2,1783257
I801,2,1224
I2465,2,203691
I2997,2,1224
I3893,2,1783272
I4068,2,1224
I2760,2,1783272
I3059,2,1783272
I792,2,1224
I1530,2,1783272
I2128,2,1783272
I2540,2,1783272
I1711,2,32066
I1905,2,1783272
I2969,2,1783272
I457,2,1224
I1445,2,1783272
I3155,2,1783272
I3917,2,1783272
I4029,2,1224
I375,2,1224
I693,2,1783272
I455,2,1224
I3023,2,1783272
I345,2,1224
I2809,2,1224
I1769,2,1783272
I4044,2,1224
I3961,2,1783272
I3937,2,1783272
I290,2,1224
I936,2,1783272
I527,2,1224
I3078,2,203691
I3542,2,1783272
I2075,2,1783272
I3206,2,1783272
I1885,2,29547
I1254,2,1783272
I973,2,1224
I1303,2,1783272
I2085,2,32066
I4069,2,1224
I3255,2,1783270
I728,2,1224
I937,2,1783272
I3488,2,1224
I3678,2,1783272
I4002,2,1224
I2316,2,1783272
I2550,2,1783272
I3825,2,1783272
I844,2,1783257
I1464,2,1224
I2520,2,1783272
I2860,2,1783272
I820,2,1783272
I1742,2,1783272
I3382,2,1783272
I176,2,1224
I671,2,1783272
I3395,2,1783270
I1914,2,1783272
I2142,2,1783272
I77,2,1224
I3409,2,1783270
I3962,2,1224
I1301,2,1783272
I159,2,1224
I3156,2,1783272
I4062,2,1224
I270,2,1224
I778,2,1224
I3464,2,1783272
I2199,2,1224
I289,2,1224
I3941,2,1224
I1494,2,1783272
I4028,2,1224
I1987,2,1224
I3491,2,1224
I3665,2,1783272
I140,2,1224
I2123,2,1783272
I1600,2,1783272
I3545,2,1783272
I2922,2,1783272
I2958,2,1783272
I2603,2,1224
I2147,2,1783272
I504,2,1783270
I1968,2,1224
I1355,2,1783272
I652,2,1224
I1502,2,1783272
I463,2,1224
I2528,2,1783272
I2392,2,1224
I161,2,1224
I413,2,2138240
I2020,2,1783272
I1598,2,1783272
I1650,2,1783272
I957,2,1783270
I71,2,2138240
I3460,2,1783272
I1865,2,1783270
I3672,2,1783272
I2333,2,29547
I673,2,1783272
I842,2,1783272
I1192,2,1783272
I1537,2,1783270
I1542,2,203691
I1981,2,1224
I2324,2,1783272
I2378,2,1783257
I1270,2,1783270
I3242,2,1783270
I1525,2,1783272
I117,2,1224
I1257,2,1783272
I424,2,1224
I1297,2,1224
I3702,2,1783272
I482,2,1783272
I906,2,1783272
I1513,2,1783272
I261,2,1224
I2218,2,1783272
I4071,2,1224
I3371,2,1783272
I326,2,1224
I1931,2,29547
I295,2,1224
I505,2,49928
I2530,2,1783272
I3034,2,1783272
I3079,2,1783272
I2715,2,1783272
I1240,2,1224
I3496,2,1224
I553,2,1224
I838,2,1783272
I3822,2,1783272
I3580,2,1783272
I3519,2,1783272
I2300,2,1783272
I680,2,1224
I3394,2,1783270
I1876,2,200940
I3775,2,1783272
I2772,2,1783272
I3634,2,1783272
I2802,2,1224
I374,2,1224
I1776,2,1224
I3070,2,1783270
I3222,2,1783272
I118,2,29547
I723,2,1224
I1698,2,203691
I1425,2,1783272
I101,2,2138240
I1883,2,1783272
I2151,2,1783272
I808,2,1224
I2553,2,1783272
I2986,2,1224
I2028,2,1783272
I3101,2,1783272
I2732,2,1783272
I900,2,1783270
I2593,2,1224
I3108,2,1783272
I1516,2,1783272
I2243,2,1783272
I3703,2,1783272
I3635,2,1783272
I3890,2,1783272
I3281,2,1783272
I1247,2,1783272
I411,2,1224
I3005,2,1224
I80,2,1224
I351,2,1224
I2166,2,1224
I1889,2,32066
I2888,2,203691
I3500,2,1783272
I1975,2,1783272
I3268,2,1783272
I3878,2,1783272
I630,2,1224
I2145,2,1783272
I3261,2,1783272
I1457,2,1783272
I3102,2,1783272
I209,2,1224
I735,2,1224
I2949,2,1783272
I6,2,2138240
I1170,2,1783272
I1515,2,1783272
I1908,2,1783272
I3025,2,1783272
I507,2,1224
I3525,2,1783272
I2567,2,1783272
I1553,2,32066
I966,2,1224
I2691,2,1783270
I3037,2,1783272
I3737,2,1783272
I3994,2,1224
I759,2,1783257
I2340,2,1783272
I2981,2,1783272
I3208,2,1783272
I2203,2,1224
I754,2,1783272
I3805,2,1224
I3607,2,1224
I3307,2,1783272
I2646,2,1783272
I3617,2,1783272
I2135,2,1783272
I2902,2,1783270
I3349,2,1224
I115,2,1224
I3499,2,1783272
I3657,2,1783272
I3813,2,1783272
I1143,2,1783272
I2505,2,1783272
I2352,2,1783272
I3606,2,1224
I716,2,1224
I2595,2,1224
I3548,2,1783272
I2735,2,1783272
I3173,2,1224
I408,2,1783270
I525,2,1224
I167,2,1224
I3001,2,1224
I3870,2,1224
I764,2,1224
I2442,2,1783272
I1595,2,1783272
I3859,2,1224
I3444,2,1783272
I1030,2,1783272
I1844,2,1783272
I2330,2,1783272
I1018,2,1783272
I576,2,1783272
I1423,2,1224
I1444,2,29547
I3089,2,1783270
I1755,2,1783272
I1210,2,1783272
I3841,2,1783272
I1901,2,1783270
I1896,2,200940
I1770,2,1783272
I2003,2,1783272
I3965,2,1224
I2980,2,1783272
I2230,2,1783272
I54,2,1224
I1508,2,1783272
I1278,2,1783272
I2143,2,1783272
I1341,2,1224
I2717,2,1783272
I3523,2,1783272
I1640,2,1224
I3129,2,1783272
I3445,2,1783272
I3194,2,1224
I250,2,1783272
I3138,2,1783272
I654,2,1224
I3324,2,1783272
I1763,2,1783272
I3401,2,1783270
I484,2,1783272
I3072,2,1783270
I187,2,1783272
I352,2,1224
I925,2,1783272
I2830,2,1783272
I3534,2,1783270
I2699,2,200918
I3235,2,1783270
I3626,2,1783272
I1208,2,1783272
I3378,2,1783272
I1336,2,1224
I1351,2,1783272
I1672,2,1783272
I2833,2,1783272
I3197,2,1224
I3589,2,1783272
I3144,2,1783272
I3869,2,1224
I1449,2,1783272
I2522,2,1783272
I3258,2,1783270
I496,2,1224
I3126,2,1783272
I1150,2,1783272
I3686,2,1783272
I1085,2,1224
I2572,2,1783272
I1675,2,1783272
I3856,2,1224
I1282,2,200940
I3265,2,1783272
I3562,2,29547
I1702,2,1783272
I2486,2,200940
I3820,2,1783272
I2525,2,1783272
I4034,2,1224
I2837,2,1783272
I483,2,1783272
I590,2,1224
I157,2,1224
I1325,2,1783272
I2205,2,1783272
I606,2,1224
I4052,2,1224
I1849,2,1783272
I1396,2,1783272
I549,2,1224
I959,2,200930
I1075,2,1224
I1737,2,1783272
I1942,2,1783272
I1229,2,1224
I1952,2,1783272
I1983,2,1224
I3397,2,1783270
I275,2,1224
I367,2,1224
I1253,2,1783272
I2270,2,1783270
I1209,2,1783272
I454,2,1224
I1921,2,1783272
I3997,2,1224
I1138,2,1783272
I2070,2,200930
I690,2,1224
I190,2,1783272
I3171,2,1783272
I475,2,1224
I2835,2,1783272
I3880,2,1783272
I1596,2,1783272
I1414,2,1783272
I2063,2,1783270
I1536,2,1783270
I2619,2,1783272
I5,2,1224
I2681,2,200940
I3755,2,1783272
I2044,2,1783272
I337,2,1224
I1823,2,1783272
I25,2,1224
I1223,2,1783272
I1934,2,1783272
I2498,2,200918
I3151,2,1783272
I2566,2,1783272
I3383,2,1783272
I1845,2,1783272
I3714,2,1224
I530,2,1224
I795,2,1224
I2280,2,1783272
I608,2,1224
I2898,2,1783270
I2112,2,203691
I2515,2,1783272
I571,2,1224
I1617,2,2818505
I2311,2,1783272
I3282,2,1783272
I47,2,1783272
I347,2,1224
I780,2,2818505
I3835,2,1783272
I1893,2,200940
I4040,2,1224
I961,2,1783272
I566,2,1224
I2803,2,1224
I1795,2,1224
I1065,2,200930
I2601,2,1224
I1890,2,32066
I122,2,1224
I221,2,1224
I2829,2,1783272
I3321,2,1783272
I3901,2,1783272
I1970,2,1224
I3132,2,1783272
I4079,2,1224
I1020,2,1783272
I1781,2,1224
I2343,2,1783272
I3189,2,1224
I2073,2,200940
I2871,2,1783272
I223,2,1224
I499,2,1224
I3168,2,1783272
I137,2,1783257
I1071,2,1224
I2788,2,1224
I3480,2,1224
I4037,2,1224
I1361,2,1783272
I1599,2,1783272
I3275,2,1783272
I1453,2,1783272
I3900,2,1783272
I3948,2,1783272
I1607,2,1783272
I1701,2,1783272
I3257,2,1783270
I3399,2,1783270
I3587,2,1783272
I2381,2,1783272
I2137,2,1783272
I2167,2,1224
I3484,2,1224
I3147,2,1783272
I871,2,1224
I324,2,57723
I2450,2,1783272
I2743,2,1783272
I599,2,1783272
I3083,2,1783270
I1386,2,1783270
I2817,2,1783272
I3137,2,1783272
I3507,2,1783272
I3619,2,1783272
I75,2,1224
I2013,2,1783272
I2130,2,29547
I834,2,1783272
I867,2,1224
I14,2,1224
I3590,2,1783272
I767,2,1783272
I3556,2,1783272
I2173,2,1224
I2322,2,1783272
I3603,2,1224
I1307,2,1783272
I420,2,1224
I1805,2,1224
I1155,2,1783272
I449,2,1224
I119,2,1224
I1762,2,1783272
I3527,2,1783270
I954,2,1783272
I1010,2,1224
I1498,2,1783272
I1743,2,1783272
I2271,2,203691
I3284,2,1783272
I451,2,1224
I2826,2,1783272
I108,2,1224
I310,2,1783270
I1198,2,29547
I3276,2,1783272
I717,2,1224
I3483,2,1224
I2278,2,200940
I67,2,1783270
I3585,2,1783272
I757,2,1783272
I1935,2,1783272
I969,2,1224
I1388,2,1783270
I3733,2,1783272
I2657,2,1783272
I1419,2,1224
I2099,2,1783272
I2,2,1224
I1432,2,1783272
I2282,2,29547
I2535,2,1783272
I2643,2,1783272
I364,2,1224
I931,2,1783272
I2321,2,1783272
I1695,2,203691
I3998,2,1224
I802,2,1224
I139,2,1783272
I3889,2,1783272
I1302,2,1783272
I242,2,1783272
I26,2,1224
I1661,2,1783272
I3084,2,1783270
I3417,2,1783272
I3438,2,1783272
I3408,2,1783270
I729,2,1224
I3374,2,1783272
I672,2,1783272
I1255,2,1783272
I2914,2,1783272
I1161,2,1783270
I2559,2,1783272
I3601,2,1224
I2017,2,1783272
I2077,2,1783272
I2703,2,1783272
I335,2,1224
I1243,2,1783272
I1487,2,1224
I2674,2,1783270
I2720,2,1783272
I1637,2,1224
I152,2,1224
I755,2,1783272
I2606,2,1224
I770,2,1783272
I3033,2,1783272
I2944,2,1783272
I950,2,1783272
I53,2,1224
I612,2,1224
I1941,2,1783272
I995,2,1783270
I1420,2,1224
I2065,2,203691
I2111,2,1783272
I2545,2,1783272
I1149,2,1783272
I1916,2,1783272
I2663,2,1783270
I3513,2,1783272
I492,2,1783270
I1258,2,1783272
I3040,2,1783272
I3849,2,1783272
I1089,2,1224
I3185,2,1224
I2578,2,1224
I510,2,1224
I1924,2,1783272
I2557,2,1783272
I1093,2,1224
I1083,2,1224
I2769,2,1783272
I3015,2,1224
I3796,2,1224
I563,2,1224
I1790,2,1783272
I2484,2,200940
I2258,2,1783272
I2446,2,1783272
I1958,2,1783272
I2116,2,1783272
I3139,2,1783272
I3865,2,1224
I2408,2,1783272
I3052,2,1783272
I1411,2,68297
I3816,2,1783272
I2159,2,1783272
I2181,2,1224
I846,2,1783272
I1991,2,1224
I3646,2,1783272
I2068,2,203691
I4059,2,1224
I4082,2,1224
I391,2,1783272
I522,2,1224
I306,2,1224
I3387,2,1783272
I3415,2,1783272
I1373,2,1783272
I442,2,1224
I1741,2,1783272
I2688,2,200940
I1312,2,29547
I412,2,1224
I418,2,1224
I2883,2,1783270
I847,2,1224
I3487,2,1224
I2868,2,1783272
I696,2,1224
I1799,2,1224
I2701,2,1783272
I2314,2,1783272
I1309,2,29547
I4014,2,1224
I1173,2,508458
I3739,2,1783272
I1754,2,1783272
I1591,2,1783272
I299,2,1224
I1096,2,1783270
I215,2,1224
I1139,2,1783272
I1052,2,1783272
I670,2,1783272
I1008,2,1224
I1074,2,1224
I1710,2,32066
I529,2,1224
I1859,2,1783270
I3286,2,1783272
I2796,2,1224
I4046,2,1224
I489,2,1783272
I1911,2,1783272
I2239,2,1783272
I1084,2,1224
I2445,2,1783272
I3309,2,1783272
I94,2,1224
I677,2,1783272
I2008,2,1783272
I2390,2,1224
I2462,2,1783270
I268,2,1224
I2571,2,1783272
I2630,2,1783272
I3920,2,1783272
I3238,2,1783270
I2047,2,1783272
I684,2,1224
I537,2,1224
I1485,2,1224
I3848,2,1783272
I914,2,1783272
I1241,2,1783272
I2268,2,1783270
I2558,2,1783272
I2654,2,1783272
I1205,2,1783272
I2702,2,1783272
I1019,2,1783272
I462,2,1224
I3012,2,1224
I653,2,1224
I2349,2,1783272
I3376,2,1783272
I3163,2,1783272
I40,2,1224
I129,2,1224
I2660,2,1783272
I2658,2,1783272
I817,2,1783272
I1040,2,1783272
I2472,2,200940
I3939,2,1224
I637,2,1224
I737,2,1224
I1016,2,1783272
I3361,2,1783272
I706,2,1224
I97,2,1783272
I3872,2,1224
I3786,2,1224
I1567,2,1783272
I2891,2,1783272
I1834,2,1783272
I330,2,1224
I2016,2,1783272
I4065,2,1224
I387,2,1783270
I133,2,1783272
I683,2,1224
I1477,2,1224
I3753,2,1783270
I2165,2,1224
I2054,2,1783272
I1775,2,1783272
I928,2,1783272
I1578,2,1783272
I581,2,1783272
I3081,2,1783270
I1570,2,1783272
I2403,2,1783272
I2638,2,1783272
I1293,2,1224
I1057,2,1783272
I832,2,1224
I790,2,1224
I1792,2,1224
I592,2,1783270
I491,2,1224
I3300,2,1783272
I446,2,1224
I2323,2,1783272
I1951,2,1783272
I1347,2,1783272
I502,2,2138240
I1539,2,203691
I2650,2,1783272
I1581,2,1783272
I474,2,1224
I2336,2,1783272
I2090,2,200940
I2383,2,1224
I102,2,1224
I2934,2,1783272
I3368,2,1783272
I204,2,1224
I1111,2,1783272
I4055,2,1224
I984,2,1224
I813,2,1224
I1076,2,1224
I1367,2,1783272
I582,2,1783272
I2485,2,200940
I807,2,1224
I1764,2,1783272
I2855,2,1783272
I2456,2,1783270
I2394,2,1224
I2742,2,1783272
I239,2,1783270
I4031,2,1224
I1798,2,1224
I1451,2,1783272
I1810,2,1224
I2896,2,1783270
I23,2,1224
I2399,2,1224
I3448,2,1783272
I2736,2,1783272
I777,2,1224
I3511,2,1783272
I2697,2,200918
I2670,2,1783270
I3643,2,1783272
I3761,2,1783272
I763,2,1783272
I1771,2,1783272
I1222,2,1783272
I3063,2,1783272
I3288,2,1783272
I1218,2,1783272
I2926,2,1783272
I3088,2,1783270
I1565,2,1783272
I3558,2,1783272
I849,2,1224
I2620,2,1783272
I1224,2,1224
I3014,2,1224
I3410,2,1783270
I850,2,1783272
I1933,2,29547
I55,2,1224
I1793,2,1224
I2030,2,1783272
I1318,2,1783272
I651,2,1224
I1216,2,1783257
I3127,2,1783272
I1160,2,1783272
I2611,2,1783272
I1618,2,1224
I947,2,1783272
I471,2,1224
I2404,2,1783272
I3436,2,1783272
I3521,2,1783272
I2977,2,1783272
I605,2,1224
I1271,2,1783270
I1962,2,1783272
I305,2,1224
I2561,2,1783272
I1704,2,1783272
I779,2,1224
I1993,2,1224
I2315,2,1783272
I3232,2,1783272
I230,2,2818505
I3614,2,1224
I1298,2,1224
I113,2,1224
I2224,2,1783272
I429,2,1224
I1925,2,1783272
I2656,2,1783272
I1629,2,1224
I3710,2,1224
I3054,2,1783272
I3230,2,1783272
I3082,2,1783270
I3814,2,1783272
I3955,2,1783272
I3029,2,1783272
I1151,2,1783272
I3954,2,1783272
I436,2,1224
I600,2,1783270
I1450,2,1783272
I3571,2,1783272
I2004,2,1783272
I2262,2,1783270
I4080,2,1224
I1783,2,1224
I1540,2,203691
I2998,2,1224
I2214,2,1783272
I3892,2,1783272
I987,2,1224
I1404,2,32066
I70,2,1783272
I544,2,1224
I3873,2,1224
I1854,2,1783272
I1766,2,1783272
I2536,2,1783272
I1260,2,1783272
I2794,2,1224
I105,2,1224
I2984,2,1224
I2714,2,1783272
I3398,2,1783270
I2585,2,1224
I1007,2,1224
I2234,2,1783272
I423,2,1224
I682,2,1224
I1787,2,1224
I3370,2,1783272
I2960,2,1783272
I3963,2,1224
I4033,2,1224
I2488,2,1783270
I394,2,1783272
I1638,2,1224
I3628,2,1783272
I1447,2,1783272
I2191,2,1224
I831,2,1224
I2890,2,200940
I539,2,1224
I916,2,1224
I3116,2,1783272
I3136,2,1783272
I1357,2,1783272
I2289,2,200940
I259,2,1783270
I1331,2,1224
I1335,2,1224
I3971,2,1783272
I631,2,1224
I3793,2,1224
I3175,2,1224
I3396,2,1783270
I2105,2,1783272
I948,2,1783272
I3429,2,1783272
I1296,2,1224
I2804,2,1224
I263,2,1224
I1726,2,1783272
I3363,2,1783272
I1265,2,1783270
I964,2,1224
I2014,2,1783272
I2287,2,200940
I768,2,1783272
I1455,2,1783272
I3492,2,1224
I2664,2,1783270
I397,2,1783272
I2757,2,1783272
I3879,2,1783272
I1127,2,1783272
I142,2,2138240
I2853,2,1783272
I569,2,1224
I3125,2,1783272
I3502,2,1783272
I3910,2,1224
I2266,2,1783270
I1623,2,1224
I1728,2,1783272
I3449,2,1783272
I3567,2,1783272
I2233,2,1783272
I2617,2,1783272
I2738,2,1783272
I3808,2,1224
I388,2,1783257
I1891,2,32066
I3902,2,1783272
I1758,2,1783272
I2067,2,203691
I2124,2,1783272
I2731,2,1783272
I2679,2,200940
I1340,2,1224
I251,2,1783272
I2379,2,1224
I2843,2,1783272
I3351,2,1224
I1126,2,1783257
I59,2,1224
I360,2,1224
I3426,2,1783272
I3664,2,1783272
I2084,2,32066
I1014,2,1783272
I1294,2,1224
I3347,2,1224
I727,2,1224
I691,2,1783270
I3158,2,1783272
I1580,2,1783272
I3422,2,1783272
I1514,2,1783272
I2207,2,1783272
I1692,2,1783270
I2581,2,1783272
I1662,2,1783272
I2687,2,200940
I705,2,1224
I1163,2,1783270
I1946,2,1783272
I1848,2,1783272
I1708,2,29547
I453,2,1224
I1398,2,1783272
I2290,2,200940
I3169,2,1783272
I1169,2,1783272
I3060,2,1783272
I1069,2,1783272
I3725,2,1224
I1639,2,1224
I220,2,1224
I564,2,1224
I2228,2,1783272
I2600,2,1224
I2932,2,1783272
I432,2,1224
I3130,2,1783272
I2308,2,1783272
I3979,2,1224
I125,2,1224
I2875,2,1783272
I513,2,1224
I616,2,1224
I1203,2,1783272
I3099,2,1783272
I1984,2,1224
I2196,2,1224
I2634,2,1783272
I2470,2,200940
I3899,2,1783272
I2421,2,1783272
I1974,2,2818505
I2138,2,1783272
I3231,2,1783272
I1088,2,1224
I3167,2,1783272
I3304,2,1783272
I3011,2,1224
I3006,2,1224
I2751,2,1783272
I902,2,1783272
I1176,2,1783272
I3425,2,1783272
I603,2,1224
I2048,2,1783272
I1978,2,1224
I450,2,1224
I2348,2,1783272
I2255,2,1783272
I3943,2,1224
I1529,2,1783272
I2594,2,1224
I2393,2,1224
I981,2,1224
I240,2,1783272
I2176,2,1224
I3538,2,1783272
I3233,2,1783272
I3369,2,1783272
I1469,2,1224
I2482,2,200940
I3362,2,1783272
I911,2,1783272
I1992,2,1224
I3973,2,1783272
I3631,2,1783272
I2943,2,1783272
I633,2,1224
I284,2,1224
I1364,2,1783272
I213,2,1224
I2439,2,1783272
I2402,2,1783272
I3249,2,1783270
I1579,2,1783272
I3528,2,1783270
I3080,2,1783272
I3555,2,1783272
I3181,2,1224
I1456,2,1783272
I3,2,2138240
I425,2,1224
I3699,2,1783272
I2613,2,1783272
I3367,2,1783272
I2524,2,1783272
I965,2,1224
I3358,2,1224
I628,2,1224
I750,2,1783257
I2797,2,1224
I3267,2,1783272
I3332,2,1783272
I3683,2,1783272
I3999,2,1224
I3032,2,1783272
I997,2,1783272
I1148,2,1783272
I1920,2,1783272
I1196,2,1783272
I2018,2,1783272
I2964,2,1783272
I3509,2,1783272
I1236,2,1783272
I2056,2,1783270
I1723,2,1783272
I1635,2,1224
I2079,2,29547
I2975,2,1783272
I2414,2,1783272
I2750,2,1783272
I1725,2,1783272
I79,2,1224
I141,2,1783272
I1333,2,1224
I2549,2,1783272
I401,2,1783272
I2158,2,1783272
I2423,2,1783272
I2284,2,32066
I216,2,1224
I2640,2,1783272
I1267,2,1783270
I2319,2,1783272
I3325,2,1783272
I3572,2,1783272
I4009,2,1224
I3636,2,1783272
I1651,2,1783272
I2281,2,1783272
I3996,2,1224
I3887,2,1783272
I248,2,1783257
I1835,2,1783272
I843,2,203691
I1365,2,1783272
I1773,2,1783272
I447,2,1224
I960,2,32066
I996,2,1783272
I3087,2,1783270
I155,2,1224
I3355,2,1224
I650,2,1224
I1556,2,200940
I1136,2,1224
I3991,2,1783272
I2901,2,1783270
I1140,2,1783272
I963,2,1224
I1910,2,1783272
I2337,2,1783272
I3744,2,1783272
I2118,2,1783272
I109,2,1224
I1125,2,1783257
I4070,2,1224
I1006,2,1224
I1382,2,1783270
I594,2,1224
I1158,2,1783270
I2096,2,1783270
I2305,2,1783272
I3908,2,1224
I2175,2,1224
I1605,2,1783272
I469,2,1224
I1535,2,1783270
I2508,2,1783272
I3279,2,1783272
I3953,2,1783272
I2851,2,1783272
I2269,2,1783270
I2740,2,1783272
I3512,2,1783272
I2422,2,1783272
I2574,2,1224
I1175,2,1783272
I734,2,1224
I707,2,1224
I3253,2,1783270
I1913,2,1783272
I365,2,1224
I648,2,1224
I3002,2,1224
I3477,2,1783272
I1171,2,32066
I322,2,1783272
I2569,2,1783272
I2777,2,1783272
I1313,2,29547
I2897,2,1783270
I325,2,1224
I848,2,1224
I3977,2,1783272
I739,2,1783272
I1042,2,1783272
I2339,2,1783272
I520,2,1224
I3419,2,1783272
I1344,2,1224
I3774,2,1783272
I357,2,1224
I2935,2,1783272
I4077,2,1224
I560,2,1224
I3223,2,1783272
I2155,2,1783272
I3186,2,1224
I3553,2,1783272
I1199,2,29547
I81,2,1224
I1674,2,1783272
I2034,2,1783272
I4042,2,1224
I236,2,1783270
I2523,2,1783272
I885,2,1224
I572,2,1224
I2331,2,1783272
I1304,2,1783272
I63,2,1224
I1886,2,29547
I2475,2,1783272
I1714,2,200940
I1727,2,200918
I3316,2,1783272
I3458,2,1783272
I371,2,1224
I3798,2,1224
I3758,2,29547
I2748,2,1783272
I3380,2,1783272
I3198,2,1224
I404,2,1783272
I640,2,1224
I2481,2,32066
I1789,2,1783272
I2931,2,1783272
I2195,2,1224
I1740,2,1783272
I733,2,1224
I2982,2,1224
I3680,2,1783272
I2647,2,1783272
I2480,2,32066
I2614,2,1783272
I731,2,1224
I338,2,1224
I2629,2,1783272
I3938,2,1224
I3293,2,1783272
I3897,2,1783272
I2587,2,1224
I2398,2,1224
I3424,2,1783272
I2925,2,1783272
I1417,2,1783272
I3951,2,1783272
I1588,2,29547
I1094,2,1224
I2577,2,1224
I3685,2,1783272
I769,2,1783272
I3946,2,1224
I3320,2,1783272
I1291,2,1224
I350,2,1224
I1349,2,1224
I2198,2,1224
I2602,2,1224
I3182,2,1224
I282,2,1224
I1023,2,1783272
I4075,2,1224
I2551,2,1783272
I1172,2,200940
I3441,2,1783272
I1966,2,1224
I114,2,1224
I1982,2,1224
I1497,2,1783272
I2666,2,1783270
I2160,2,1783272
I2009,2,1783272
I1832,2,1783272
I883,2,1224
I1266,2,1783270
I1320,2,1783272
I3224,2,1783272
I169,2,1224
I1381,2,1783270
I2231,2,1783272
I3697,2,1783272
I3795,2,1224
I3681,2,1783272
I3051,2,1783272
I3090,2,1783270
I428,2,1224
I461,2,1224
I368,2,1224
I742,2,1783272
I1227,2,1224
I1843,2,1783272
I1501,2,1783272
I2363,2,1783272
I3632,2,1783272
I2933,2,1783272
I3715,2,1224
I2929,2,1783272
I168,2,1224
I2417,2,1783272
I1474,2,1224
I3988,2,1783272
I3227,2,1783272
I16,2,1224
I2846,2,1783272
I884,2,1224
I1524,2,1783272
I39,2,1224
I2248,2,1783272
I2711,2,1783272
I1512,2,1783272
I146,2,1224
I2680,2,200940
I3909,2,1224
I1098,2,1783272
I3622,2,1783272
I1059,2,1783270
I2502,2,1783272
I2489,2,1783270
I276,2,1224
I2792,2,1224
I2972,2,1783272
I136,2,1783272
I3602,2,1224
I1132,2,1224
I619,2,1224
I1988,2,1224
I2884,2,1783270
I2232,2,1783272
I3561,2,29547
I3789,2,1224
I121,2,1224
I254,2,1224
I1215,2,1783257
I373,2,1224
I2328,2,1783272
I2946,2,1783272
I979,2,1224
I862,2,1224
I740,2,1783272
I1446,2,1783272
I198,2,1224
I495,2,1224
I147,2,1224
I3310,2,1783272
I433,2,1224
I1511,2,1783272
I1853,2,1783272
I1964,2,1224
I2397,2,1224
I3273,2,1783272
I3201,2,1224
I3840,2,1783272
I861,2,32066
I3921,2,1783272
I4074,2,1224
I1129,2,1783272
I2274,2,203691
I1869,2,1783270
I2779,2,1224
I2783,2,1224
I554,2,1224
I3024,2,1783272
I1026,2,1783257
I2347,2,1783272
I2386,2,1224
I212,2,1224
I573,2,1224
I1522,2,1783272
I2362,2,1783272
I3860,2,1224
I1319,2,1783272
I3162,2,1783272
I2516,2,1783272
I1287,2,1783272
I3202,2,1783272
I342,2,1224
I2810,2,1224
I922,2,1783272
I2376,2,1224
I2387,2,1224
I2427,2,1783272
I1188,2,1224
I975,2,1224
I868,2,1224
I2712,2,1783272
I3486,2,1224
I1963,2,1224
I2438,2,1783272
I3853,2,1224
I578,2,1783272
I3904,2,1224
I1393,2,203691
I3430,2,1783272
I2669,2,1783270
I1077,2,1224
I3244,2,203691
I2939,2,1783272
I1473,2,1783272
I2069,2,200938
I440,2,1224
I3935,2,1783272
I3684,2,1783272
I477,2,1783257
I4064,2,1224
I721,2,1224
I323,2,1783272
I3386,2,1783272
I3217,2,1783272
I521,2,1224
I1564,2,1783272
I3035,2,1783272
I2532,2,29547
I2768,2,1783272
I2071,2,200940
I2326,2157,28890
I3104,2,1783272
I1837,2,1783272
I3913,2,1224
I3234,2,1783272
I3490,2,1224
I4060,2,1224
I1050,2,1783272
I497,2,1224
I2761,2,1783272
I3959,2,1783272
I3294,2,1783272
I2909,2,1783272
I7,2,1224
I2045,2,1783272
I1566,2,1783272
I3505,2,1783272
I2042,2,1783272
I2251,2,1783272
I158,2,1224
I2820,2,1783272
I3205,2,1783272
I1694,2,203691
I3435,2,1783272
I3891,2,1783272
I1033,2,1224
I2212,2,1783272
I1025,2,1783272
I1244,2,1783272
I1405,2,200940
I1426,2,1783272
I2823,2,1783272
I587,2,1224
I1996,2,1224
I930,2,1783272
I974,2,1224
I2335,2,1783272
I3578,2,1783272
I3407,2,1783270
I2032,2,1783272
I741,2,1783272
I100,2,1783272
I2930,2,1783272
I3876,2,1783272
I2100,2,1783272
I1124,2,1783257
I3839,2,1783272
I1181,2,1224
I2464,2,1783270
I3314,2,1783272
I1310,2,29547
I4021,2,1224
I1802,2,1224
I3334,2,1783272
I127,2,1224
I956,2,1783270
I3576,2,1783272
I3831,2,1783272
I1372,2,1783272
I1915,2,1783272
I3428,2,1783272
I2076,2,1783272
I2040,2,1783272
I2066,2,203691
I1685,2,1783270
I3199,2,1224
I3995,2,1224
I1985,2,1224
I4056,2,1224
I2249,2,1783272
I3259,2,1783270
I2025,2,1783272
I3532,2,1783270
I400,2,1783272
I3285,2,1783272
I3420,2,1783272
I901,2,1783272
I3262,2,1783272
I3277,2,1783272
I103,2,1224
I1005,2,1224
I3113,2,1783272
I1082,2,1224
I1797,2,1224
I224,2,1224
I719,2,1224
I607,2,1224
I2491,2,1783270
I232,2,1224
I3854,2,1224
I2246,2,1783272
I1081,2,1224
I163,2,1224
I3723,2,1224
I3544,2,1783272
I1994,2,1224
I1130,2,1224
I1808,2,1224
I1101,2,1783272
I3421,2,1783272
I1732,2,1783272
I1276,2,200930
I4072,2,1224
I986,2,1224
I1308,2,1224
I3470,2,1783272
I4025,2,1224
I3858,2,1224
I281,2,1224
I112,2,1224
I3781,2,1783272
I1836,2,1783272
I1232,2,1224
I919,2,1224
I4045,2,1224
I1930,2,29547
I1299,2,1783272
I3621,2,1783272
I3453,2,1783272
I196,2,1783270
I2101,2,1783272
I2903,2,1783270
I1943,2,1783272
I1051,2,1783272
I46,2,1224
I2354,2,1783272
I1718,2,1783270
I2244,2,1783272
I3160,2,1783272
I3187,2,1224
I3597,2,1224
I58,2,1224
I3842,2,1783272
I1571,2,1783272
I2317,2,1783272
I2995,2,1224
I3560,2,1783272
I3365,2,1783272
I3837,2,1783272
I2879,2,1783270
I2881,2,1783270
I3018,2,1224
I1486,2,1224
I694,2,1783270
I3245,2,1783272
I3346,2,1224
I2828,2,1783272
I3819,2,1783272
I2361,2,1783272
I2784,2,1224
I2490,2,1783270
I3218,2,1783272
I2222,2,1783272
I1228,2,1224
I4013,2,1224
I392,2,1783272
I852,2,1783272
I953,2,57723
I465,2,1224
I1488,2,1783272
I3150,2,1783272
I3884,2,1783272
I3985,2,1224
I1213,2,1783272
I1936,2,1783272
I2706,2,1783272
I3452,2,1783272
I4018,2,1224
I2635,2,1783272
I1534,2,1783270
I57,2,1224
I644,2,1224
I1656,2,1783272
I1969,2,1224
I12,2,1224
I649,2,1224
I3547,2,1783272
I704,2,1224
I2035,2,1783272
I545,2,1224
I503,2,1783270
I1559,2,1783270
I3771,2,1783272
I2838,2,1783272
I3982,2,1224
I2041,2,1783272
I1967,2,1224
I3661,2,1783272
I2948,2,1783272
I1106,2,200940
I1184,2,1224
I1157,2,1783272
I1261,2,1783270
I941,2,1224
I1986,2,1224
I2726,2,1783272
I3605,2,1224
I2686,2,200940
I1433,2,1783272
I354,2,1224
I1060,2,1783270
I972,2,1224
I611,2,1224
I512,2,1224
I1505,2,1783272
I2307,2,1783272
I3751,2,1783270
I2876,2,1783272
I1422,2,1224
I383,2,1224
I3987,2,1224
I162,2,1224
I559,2,1224
I3846,2,1783272
I2187,2,1224
I1078,2,1224
I336,2,1224
I1551,2,32066
I2157,2,1783272
I2637,2,1783272
I4049,2,1224
I567,2,1224
I456,2,1224
I3414,2,1783272
I1926,2,1783272
I2919,2,1783272
I1569,2,1783272
I1048,2,1783272
I3153,2,1783272
I3981,2,1224
I1437,2,29547
I533,2,1224
I1316,2,1783272
I2633,2,1783272
I3133,2,1783272
I713,2,1224
I3135,2,1783272
I565,2,1224
I977,2,1224
I1117,2,1783272
I3788,2,1224
I1408,2,508458
I1102,2,1783272
I1483,2,1224
I2493,2,1783270
I421,2,1224
I1684,2,1783270
I1145,2,1783272
I621,2,1224
I1856,2,1783272
I1977,2,1224
I2253,2,1783272
I2517,2,1783272
I407,2,1224
I1424,2,1224
I1462,2,1783272
I414,2,49928
I3302,2,1783272
I2355,2,1783272
I934,2,1783257
I1490,2,1224
I2621,2,1783272
I509,2,1224
I2546,2,1783272
I3776,2,1783272
I2661,2,1783272
I1576,2,1783272
I1496,2,1783272
I3498,2,1224
I485,2,1783272
I701,2,1224
I3705,2,1224
I174,2,1224
I34,2,1224
I341,2,1224
I1328,2,1783272
I3333,2,1783272
I3724,2,1224
I3980,2,1224
I1855,2,1783272
I3373,2,1783272
I689,2,1783272
I3003,2,1224
I1882,2,1783272
I92,2,1224
I3017,2,1224
I714,2,1224
I2146,2,1783272
I2552,2,1783272
I3557,2,1783272
I3797,2,1224
I2780,2,1224
I967,2,1224
I3654,2,1783272
I1043,2,1783272
I2285,2,32066
I805,2,1224
I2573,2,1783272
I439,2,1224
I3157,2,1783272
I1573,2,1224
I2415,2,1783272
I88,2,1224
I2257,2,1783272
I2848,2,1783272
I804,2,1224
I90,2,1224
I2245,2,1783272
I3472,2,1783272
I135,2,1783272
I2504,2,1783272
I313,2,1783270
I2689,2,1783270
I4081,2,1224
I2297,2,1783272
I265,2,1224
I3784,2,1783272
I675,2,1783257
I1113,2,1783272
I2342,2,1783272
I2441,2,1783272
I1937,2,1783272
I2097,2,1783270
I173,2,1224
I2194,2,1224
I1929,2,29547
I2429,2,1783272
I2892,2,1783272
I3595,2,1783272
I3754,2,1783272
I4084,2,1224
I1871,2,203691
I3057,2,1783272
I132,2,1783270
I1283,2,1783270
I3326,2,1783272
I1944,2,1783272
I2184,2,1224
I1538,2,1783270
I2301,2,1783272
I1719,2,1783270
I3340,2,1224
I64,2,1783272
I2454,2,1783272
I1872,2,203691
I2413,2,1783272
I2183,2,1224
I722,2,1224
I3857,2,1224
I1919,2,1783272
I859,2,1783270
I1460,2,1783272
I2358,2,1783272
I2956,2,1783272
I655,2,1224
I858,2,1783272
I1557,2,200940
I604,2,1224
I2449,2,1783272
I2318,2,1783272
I2839,2,1783272
I3652,2,1783270
I1917,2,1783272
I3974,2,1783272
I390,2,1783270
I3439,2,1783272
I3736,2,1783272
I3485,2,1224
I543,2,1224
I318,2,1783272
I1814,2,1783272
I3593,2,1783272
I3541,2,1783272
I1589,2,1783272
I2430,2,1783272
I2976,2,1783272
I659,2,1224
I1606,2,1783272
I1246,2,1783272
I180,2,1783270
I2510,2,1783272
I2938,2,1783272
I107,2,1224
I229,2,57723
I1628,2,1224
I1949,2,1783272
I3317,2,1783272
I1895,2,200940
I596,2,2138240
I1394,2,1783272
I444,2,1224
I2798,2,1224
I3832,2,1783272
I1625,2,1224
I3030,2,1783272
I1833,2,1783272
I3207,2,1783272
I3264,2,1783272
I3732,2,1783272
I1604,2,1783272
I1858,2,1783270
I3524,2,1783272
I870,2,1224
I1636,2,1224
I3701,2,1783272
I3746,2,1783272
I1406,2,200940
I3042,2,1783272
I287,2,1224
I2494,2,1783272
I3932,2,1783272
I4043,2,1224
I679,2,1783272
I2156,2,1783272
I2188,2,1224
I2762,2,1783272
I889,2,1224
I2547,2,1783272
I377,2,1224
I3356,2,1224
I3728,2,1783272
I2401,2,1783272
I695,2,200930
I506,2,1224
I2509,2,1783272
I1144,2,1224
I2694,2,1783270
I2254,2,1783272
I3806,2,1224
I344,2,1224
I3928,2,1783272
I402,2,1783272
I222,2,1224
I1554,2,200940
I1230,2,1224
I3000,2,1224
I3073,2,1783270
I3850,2,1783272
I1201,2,1783272
I1709,2,29547
I2763,2,1783272
I1503,2,1783272
I31,2,1224
I542,2,1224
I2051,2,1783272
I1712,2,32066
I3740,2,1783272
I255,2,1224
I327,2,1783272
I1679,2,1783272
I2791,2,1224
I738,2,1224
I1517,2,1783272
I575,2,1783272
I211,2,1224
I1087,2,1224
I2737,2,1783272
I2110,2,1783272
I3226,2,1783272
I3067,2,1783270
I1495,2,1783272
I144,2,1224
I2027,2,1783272
I3474,2,1783272
I3105,2,1783272
I1128,2,1783272
I624,2,1224
I1829,2,1783272
I2443,2,1783272
I1337,2,1783272
I1669,2,1783272
I267,2,1224
I3551,2,1783272
I547,2,1224
I584,2,1783272
I3877,2,1783272
I2225,2,1783272
I42,2,1224
I3807,2,1224
I1183,2,1224
I2821,2,1783272
I192,2,1783272
I2190,2,1224
I1104,2,1224
I2668,2,1783270
I940,2,1224
I1715,2,200940
I2678,2,200930
I3022,2,1783272
I3653,2,1783272
I3188,2,1224
I3992,2,1224
I708,2,1224
I3214,2,1783272
I219,2,1224
I1807,2,1224
I2877,2,1783272
I2095,2,1783270
I3009,2,1224
I2570,2,1783272
I2033,2,1783272
I43,2,1224
I1041,2,1783272
I2973,2,1783272
I3353,2,1224
I3809,2,1224
I3722,2,1224
I2781,2,1224
I3956,2,1783272
I3123,2,1783272
I2473,2,200940
I2605,2,1224
I154,2,1224
I700,2,1224
I3190,2,1224
I971,2,1224
I1873,2,203691
I776,2,1224
I430,2,1224
I3706,2,1224
I4030,2,1224
I339,2,1224
I2435,2,1783272
I3918,2,1783272
I746,2,1783272
I2038,2,1783272
I2206,2,1783272
I3611,2,1224
I1360,2,1783272
I1379,2,1783270
I2420,2,1783272
I2015,2,1783272
I854,2,1783272
I3584,2,1783272
I2241,2,1783272
I228,2,57723
I2425,2,1783272
I381,2,1224
I715,2,1224
I3041,2,1783272
I22,2,1224
I2007,2,1783272
I3721,2,1224
I2286,2,200940
I2060,2,1783270
I1235,2,1783272
I51,2,1224
I3757,2,1783272
I2693,2,1783270
I4038,2,1224
I2153,2,1783272
I2941,2,1783272
I1177,2,1224
I2141,2,1783272
I2119,2,1783272
I992,2,1224
I1960,2,1783272
I3546,2,1783272
I3978,2,1783272
I1818,2,1783272
I699,2,1224
I872,2,1224
I2867,2,1783272
I929,2,1783272
I2302,2,200918
I3343,2,1224
I2988,2,1224
I3318,2,1783272
I3514,2,1783272
I493,2,1783272
I1122,2,1783272
I2496,2,1783272
I2917,2,1783272
I809,2,1224
I3536,2,1783270
I2492,2,1783270
I1716,2,200940
I1909,2,1783272
I2148,2,1783272
I2705,2,1783272
I3911,2,1224
I3243,2,1783270
I1024,2,1783272
I2849,2,1783272
I3418,2,1783272
I1421,2,1224
I1471,2,1224
I1152,2,1783272
I3871,2,1224
I657,2,1224
I3203,2,1783272
I3152,2,1783272
I1667,2,1783272
I3313,2,1783272
I789,2,1224
I21,2,1224
I3469,2,1783272
I3119,2,1783272
I829,2,1224
I1965,2,1224
I1683,2,1783272
I3885,2,1783272
I1875,2,200930
I1036,2,1224
I2503,2,1783272
I1959,2,1783272
I1545,2,1783272
I2684,2,32066
I3924,2,1783272
I1211,2,1783272
I3533,2,1783270
I3767,2,1783272
I1499,2,1783272
I311,2,1224
I1467,2,1224
I3583,2,1783272
I2144,2,1783272
I3301,2,1783272
I3184,2,1224
I3592,2,1783272
I3336,2,1224
I1095,2,1224
I3801,2,1224
I1121,2,1783272
I1066,2,1783272
I87,2,1224
I3064,2,1783272
I647,2,1224
I2580,2,1783272
I3404,2,1783270
I514,2,1224
I2127,2,1783272
I15,2,1224
I1439,2,29547
I3111,2,1783272
I1472,2,1224
I1233,2,1224
I2942,2,1783272
I1251,2,1783272
I3048,2,1783272
I962,2,1224
I68,2,1783272
I2023,2,1783272
I2125,2,1783272
I2447,2,1783272
I1745,2,1783272
I1826,2,1783272
I3615,2,1224
I3862,2,1224
I3945,2,1224
I1954,2,1783272
I382,2,1224
I4036,2,1224
I3331,2,1783272
I3936,2,1783272
I2476,2,1783272
I1105,2,200940
I2104,2,1783272
I2419,2,1783272
I2683,2,1783272
I3075,2,1783270
I3688,2,1783272
I3838,2,1783272
I1015,2,1783272
I2313,2,203691
I366,2,1224
I688,2,57723
I1352,2,1783272
I1154,2,1783272
I1500,2,1783272
I2887,2,1783270
I2872,2,1783272
I27,2,1224
I191,2,1783272
I1653,2,1783272
I3931,2,1783272
I3451,2,1783272
I1646,2,1783272
I3375,2,1783272
I3549,2,1783272
I1527,2,1783272
I1392,2,203691
I932,2,1783272
I1187,2,1224
I2790,2,1224
I2845,2,1783272
I2452,2,1783272
I555,2,1224
I3109,2,1783272
I2081,2,29547
I2563,2,1783272
I145,2,1224
I1070,2,1224
I2092,2,200940
I264,2,1224
I452,2,1224
I909,2,1783272
I1356,2,1783272
I487,2,1783272
I3103,2,1783272
I3478,2,1224
I96,2,1783272
I2252,2,1783272
I3666,2,1783272
I668,2,1783272
I2936,2,1783272
I1879,2,1783272
I3252,2,1783270
I35,2,1224
I2169,2,1224
I2444,2,1783272
I3540,2,1783272
I1759,2,1783272
I427,2,1224
I1231,2,1224
I896,2,1224
I2294,2,1783270
I3053,2,1783272
I2576,2,1224
I2765,2,1783272
I3292,2,1783272
I3306,2,1783272
I3239,2,1783270
I622,2,1224
I1168,2,200930
I643,2,1224
I111,2,1224
I825,2,1783272
I1167,2,203691
I819,2,1783272
I2575,2,1224
I2696,2,1783270
I3506,2,1783272
I2612,2,1783272
I771,2,1930617
I3503,2,1783272
I2910,2,1783272
I3004,2,1224
I3290,2,1783272
I2074,2,1783272
I3742,2,1783272
I2344,2,1783272
I1957,2,1783272
I2648,2,1783272
I2963,2,1783272
I1533,2,1783270
I4032,2,1224
I1221,2,1783272
I4007,2,1224
I2058,2,1783270
I4057,2,1224
I3986,2,1224
I160,2,1224
I641,2,1224
I247,2,1783272
I2878,2,1783270
I2264,2,1783270
I2293,2,1783270
I1614,2,1224
I3311,2,1783272
I3662,2,1783272
I588,2,1783272
I293,2,1224
I3299,2,1783272
I292,2,1224
I3778,2,1783272
I437,2,1224
I1878,2,1783272
I2642,2,1783272
I3209,2,1783272
I3344,2,1224
I1363,2,1783272
I3391,2,1783270
I876,2,1224
I2259,2,1783270
I1193,2,1783272
I2746,2,1783272
I3228,2,1783272
I1412,2,1783272
I891,2,1224
I1290,2,1783272
I1049,2,1783272
I1391,2,203691
I3283,2,1783272
I749,2,1224
I2500,2,200918
I30,2,2138240
I736,2,1224
I1563,2,1783272
I2049,2,1783272
I1735,2,1783272
I2592,2,1224
I3461,2,1783272
I9,2,1224
I3620,2,1783272
I1327,2,1783272
I2548,2,1783272
I508,2,1224
I426,2,1224
I855,2,1930617
I2857,2,1783272
I3107,2,1783272
I3594,2,1783272
I3787,2,1224
I301,2,1224
I2733,2,1783272
I3297,2,1783272
I17,2,1224
I2775,2,1783272
I2811,2,1224
I3098,2,1783272
I1648,2,1783272
I1427,2,1783272
I3690,2,1783272
I72,2,1224
I488,2,1783272
I2623,2,1783272
I1362,2,1783272
I3649,2,1783270
I203,2,1224
I990,2,1224
I3172,2,1224
I3495,2,1224
I1147,2,1783272
I3526,2,1783270
I1435,2,1783272
I1378,2,1783272
I2329,2,1783272
I1641,2,1224
I1358,2,1783272
I1659,2,1783272
I511,2,1224
I692,2,1783272
I1998,2,1224
I2497,2,1783272
I3960,2,1783272
I149,2,1224
I3633,2,1783272
I331,2,1224
I303,2,2818505
I697,2,1224
I1747,2,29547
I2209,2,1783272
I2256,2,1783272
I3749,2,1783272
I1713,2,32066
I3648,2,1783270
I3843,2,1783272
I751,2,1224
I1611,2,1224
I1001,2,1783272
I1785,2,1783272
I1466,2,1224
I3881,2,1783272
I3925,2,1783272
I2211,2,1783272
I3180,2,1224
I1584,2,29547
I562,2,1224
I4053,2,1224
I939,2,1224
I2739,2,1783272
I233,2,1224
I41,2,1224
I194,2,1224
I875,2,1224
I1997,2,1224
I951,2,1783270
I2037,2,1783272
I2457,2,1783270
I2568,2,1783272
I120,2,1224
I416,2,1224
I853,2,1783272
I369,2,1224
I942,2,1783272
I3711,2,1224
I3575,2,1783272
I2395,2,1224
I1615,2,1224
I882,2,1224
I3128,2,1783272
I2499,2,200918
I1248,2,1783272
I2866,2,1783272
I3940,2,1224
I1560,2,508458
I3212,2,1783272
I1634,2,1224
I4016,2,1224
I839,2,1783272
I3038,2,1783272
I2186,2,1224
I1830,2,1783272
I2083,2,32066
I2129,2,1783272
I2380,2,1783272
I280,2,1224
I1903,2,1783272
I3020,2,1783272
I3812,2,1783272
I2292,2,1783270
I1528,2,1783272
I3975,2,1783272
I1289,2,1783272
I753,2,1783272
I2880,2,1783270
I1339,2,1224
I8,2,1224
I1687,2,1783270
I1768,2,1783272
I810,2,1224
I2858,2,1783272
I3440,2,1783272
I4000,2,1224
I1518,2,1783272
I3114,2,1783272
I3450,2,1783272
I1204,2,1783272
I2554,2,1783272
I3618,2,1783272
I1748,2,29547
I2114,2,1783272
I2357,2,1783272
I538,2,1224
I1410,2,508458
I197,2,2138240
I2822,2,1783272
I3896,2,1783272
I177,2,1783257
I361,2,1224
I863,2,1224
I3748,2,1783272
I2758,2,1783272
I2992,2,1224
I3976,2,1783272
I687,2,1783257
I2560,2,1783272
I2913,2,1783272
I3372,2,1783272
I20,2,1224
I1526,2,1783272
I2831,2,1783272
I1110,2,29547
I3454,2,1783272
I1443,2,29547
I208,2,1224
I1004,2,1783272
I3639,2,1783272
I2011,2,1783272
I1791,2,1224
I1180,2,1224
I4063,2,1224
I3579,2,1783272
I2501,2,1783272
I2959,2,1783272
I1314,2,1783272
I1612,2,1224
I3729,2,1783272
I3329,2,1783272
I869,2,1224
I1342,2,1224
I1322,2,1783272
I2989,2,1224
I1828,2,1783272
I19,2,2138240
I1877,2,200940
I762,2,1783257
I2905,2,1783270
I1631,2,1224
I2690,2,1783270
I3727,2,1224
I3529,2,1783270
I3851,2,1224
I2236,2,1783272
I3588,2,1783272
I1846,2,1783272
I257,2,1783272
I786,2,1224
I2298,2,1783272
I398,2,1783272
I3118,2,1783272
I3894,2,1783272
I353,2,1224
I3933,2,1783272
I2200,2,1224
I188,2,1783257
I3305,2,1783272
I1348,2,1224
I1259,2,1783272
I1028,2,1783257
I1459,2,1783272
I800,2,1224
I602,2,200930
I3384,2,1783272
I2459,2,1783270
I4078,2,1224
I2907,2,200918
I13,2,1224
I3663,2,1783272
I536,2,1224
I1868,2,1783270
I60,2,1224
I1436,2,1224
I2428,2,1783272
I131,2,1783257
I1815,2,1783272
I4048,2,1224
I1284,2,508458
I2729,2,1783272
I3270,2,1783272
I2346,2,1783272
I3691,2,1783272
I1438,2,29547
I3968,2,1224
I3886,2,1783272
I99,2,1783272
I2673,2,1783270
I1112,2,1783272
I2827,2,1783272
I1434,2,1783272
I2418,2,1783272
I1119,2,1783272
I2622,2,1783272
I2996,2,1224
I443,2,1224
I2019,2,1783272
I3143,2,1783272
I3834,2,1783272
I1686,2,1783270
I1275,2,203691
I238,2,1224
I2022,2,1783272
I3179,2,1224
I1484,2,1224
I2644,2,1783272
I1305,2,1783272
I378,2,1224
I3944,2,1224
I1938,2,1783272
I1857,2,1783272
I2275,2,200930
I3278,2,1783272
I2478,2,32066
I3660,2,1783272
I2131,2,29547
I315,2,1783272
I894,2,1224
I1044,2,1783272
I3047,2,1783272
I349,2,1224
I822,2,1783272
I1809,2,1224
I784,2,1224
I2279,2,1783272
I1548,2,1783272
I1286,2,508458
I2291,2,1783270
I3100,2,1783272
I3154,2,1783272
I1918,2,1783272
I2082,2,29547
I3569,2,1783272
I298,2,1224
I748,2,1783272
I359,2,1224
I2700,2,1783272
I3287,2,1783272
I2327,2,1783272
I2616,2,1783272
I1945,2,1783272
I2631,2,1783272
I2968,2,1783272
I3531,2,1783270
I617,2,1224
I998,2,1783272
I3707,2,1224
I903,2,1783272
I2221,2,1783272
I2080,2,29547
I1838,2,1783272
I2542,2,1783272
I2120,2,1783272
I1811,2,1224
I2365,2,1783272
I2134,2,1783272
I2771,2,1783272
I3692,2,1783272
I1470,2,1224
I2384,2,1224
I2426,2,1783272
I3969,2,1224
I1402,2,29547
I1374,2,1783272
I968,2,1224
I579,2,1783272
I3433,2,1783272
I231,2,57723
I1334,2,1224
I1664,2,1783272
I2356,2,1783272
I334,2,1224
I2847,2,1783272
I609,2,1224
I2816,2,1783272
I2526,2,1783272
I1225,2,1224
I2978,2,1783272
I1013,2,29547
I3964,2,1224
I52,2,1224
I243,2,1783272
I3476,2,1783272
I2889,2,203691
I1047,2,1783272
I1504,2,1783272
I3096,2,1783272
I329,2,1783270
I501,2,1224
I3479,2,1224
I3713,2,1224
I2921,2,1783272
I2267,2,1783270
I2094,2,1783270
I4003,2,1224
I3159,2,1783272
I3792,2,1224
I3508,2,1783272
I3565,2,1783272
I3989,2,1783272
I4001,2,1224
I1141,2,1783272
I473,2,1224
I3319,2,1783272
I2368,2,1783272
I2366,2,1783272
I3434,2,1783272
I309,2,1783270
I595,2,1224
I2059,2,1783270
I2861,2,1783272
I814,2,1224
I3330,2,1783272
I3903,2,1224
I2002,2,1224
I3359,2,1224
I3225,2,1783272
I2150,2,1783272
I500,2,1224
I2718,2,1783272
I2721,2,1783272
I83,2,1224
I2961,2,1783272
I2776,2,1783272
I2807,2,1224
I3350,2,1224
I1376,2,1783272
I3303,2,1783272
I2053,2,1783272
I2599,2,1224
I904,2,1783272
I552,2,1224
I3247,2,1783270
I1922,2,1783272
I2197,2,1224
I2154,2,1783272
I3970,2,1783272
I384,2,1224
I3510,2,1783272
I1677,2,1783272
I343,2,1224
I2388,2,1224
I1264,2,1783272
I2382,2,1224
I4,2,1224
I3518,2,1783272
I3694,2,1783272
I1880,2,1783272
I3400,2,1783270
I561,2,1224
I1079,2,1224
I1482,2,1224
I864,2,1224
I1990,2,1224
I2179,2,1783272
I44,2,1783272
I1377,2,1783272
I1389,2,1783270
I2367,2,1783272
I2651,2,1783272
I2424,2,1783272
I3641,2,1783272
I1031,2,1783272
I2814,2,1224
I836,2,1783272
I892,2,1224
I1458,2,1783272
I1803,2,1224
I2227,2,1783272
I4035,2,1224
I1399,2,1783272
I720,2,1224
I3248,2,1783270
I123,2,1224
I2006,2,1783272
I3345,2,1224
I3783,2,1783272
I2102,2,200918
I409,2,1224
I1200,2,29547
I593,2,1224
I1029,2,1783272
I1067,2,32066
I877,2,1224
I944,2,1783272
I252,2,1783272
I104,2,1224
I33,2,1224
I328,2,1783270
I1927,2,1783272
I2556,2,1783272
I2511,2,1783272
I881,2,1224
I3497,2,1224
I2247,2,1783272
I3308,2,1783272
I2364,2,1783272
I3811,2,1783272
I1999,2,1224
I1493,2,1783272
I2240,2,1783272
I3709,2,1224
I1767,2,1783272
I1729,2,1783272
I3442,2,1783272
I601,2,1783272
I2756,2,1783272
I32,2,1224
I958,2,57723
I1219,2,49928
I2177,2,1783257
I2924,2,1783272
I3357,2,1224
I2987,2,1224
I316,2,1783272
I1072,2,1224
I589,2,1783272
I685,2,2138240
I2723,2,1783272
I143,2,1224
I1164,2,1783270
I860,2,200930
I2534,2,1783272
I2805,2,1224
I580,2,1783272
I774,2,200930
I1939,2,1783272
I781,2,1224
I3456,2,1783272
I3402,2,1783270
I3097,2,1783272
I4017,2,1224
I1359,2,1783272
I98,2,1783272
I317,2,1783272
I1092,2,1224
I3609,2,1224
I2730,2,1783272
I396,2,1783272
I2920,2,1783272
I1682,2,1783272
I1680,2,1783272
I2514,2,1783272
I288,2,1224
I1697,2,203691
I3912,2,1224
I3494,2,1224
I2834,2,1783272
I1053,2,1783272
I2448,2,1783272
I702,2,1224
I3335,2,1783272
I3704,2,1783272
I3327,2,1783272
I2309,2,1783272
I18,2,1783270
I1368,2,1783272
I3058,2,1783272
I2927,2,1783272
I11,2,2138240
I1510,2,1783272
I3312,2,1783272
I3743,2,1783272
I2873,2,1783272
I3861,2,1224
I302,2,57723
I3298,2,1783272
I468,2,1224
I66,2,1224
I410,2,1224
I1976,2,1224
I2310,2,1783272
I3604,2,1224
I2122,2,1783272
I1190,2,1783272
I915,2,1224
I2288,2,200940
I1021,2,1783272
I1,2,2138240
I1666,2,1783272
I1506,2,1783272
I2799,2,1224
I1568,2,1783272
I271,2,1224
I811,2,1224
I2753,2,1783272
I2437,2,1783272
I29,2,1224
I3146,2,1783272
I1295,2,1224
I406,2,1783272
I1643,2,1224
I2744,2,1783272
I2012,2,1783272
I1134,2,1224
I4061,2,1224
I1321,2,1783272
I2229,2,1783272
I3117,2,1783272
I558,2,1224
I1395,2,200938
I3582,2,1783272
I856,2,57723
I3810,2,1224
I3984,2,1224
I2149,2,1783272
I61,2,1224
I1577,2,1783272
I1045,2,1783272
I4067,2,1224
I217,2,1224
I3039,2,1783272
